CC(=O)c1ccc(NC(=O)CSc2cc(Cl)ccc2Cl)cc1,183.24
O=C(CN1C(=O)NC2(CCOc3ccccc23)C1=O)N4CCc5ccccc5C4,189.62
CC(Sc1nnc2ccccn12)C(=O)NC(=O)NC3CCCCC3,185.55
OC(COCC1CCCO1)CN2CCC(CC2)C(O)(c3ccccc3)c4ccccc4,203.52
O=C(C(Sc1nnnn1C2CC2)c3ccccc3)c4ccccc4,175.26
CC(C)CN[S](=O)(=O)c1ccc(NC(C)=O)cc1,166.43
Cc1ccc(cc1)[S](=O)(=O)Nc2ccc3oc4CCCC(=O)c4c3c2,187.15
COc1ccc(OC)c(c1)[S](=O)(=O)N2CCN(CC2)c3ncccn3,181.04
Cn1c(SCC(=O)C23CC4CC(CC(C4)C2)C3)nnc1C(F)(F)F,181.51
COc1cccc(CNC(=O)C(C)Oc2ccc(C)cc2)c1,178.14
COCCN(C(=O)c1cc(nc2ccccc12)c3occc3)C4=C(N)N(Cc5ccccc5)C(=O)NC4=O,213.09
C[S](=O)(=O)NCCc1sc(cc1)C(=O)Nc2ccccc2F,173.32
CCC(C)c1ccc(NC(=O)CSc2nncn2C)cc1,177.33
CC(N[S](=O)(=O)c1cccc(Cl)c1Cl)c2cccnc2,173.68
O=C(CNCc1occc1)N(C2CCCCC2)C3CCCCC3,184.88
Clc1ccc2oc(cc2c1)C(=O)N3CCCCCC3,164.69
CC(N1CCCCC1)c2nnc(SCC(=O)N3CCCC4CCCCC34)n2c5ccc(F)cc5,215.78
Cc1ccc(c(C)c1)[S](=O)(=O)N2CCCC2c3sc4ccccc4n3,182.83
Clc1cccc(c1)c2noc(n2)C3CN(C(=O)C3)c4ccc5OCCOc5c4,196.39
CCCC1(NC(=O)N(CC(=O)c2ccc3CCCc3c2)C1=O)c4ccccc4,197.36
CCCCCN(C(=O)CN1C(=O)NC2(CCC(C)CC2)C1=O)c3sc(C(=O)OCC)c(C)n3,224.3
CC(OC(=O)c1cccc(OCc2c(C)onc2C)c1)C(=O)c3c(C)[nH]c4ccccc34,200.8
CC[S](=O)(=O)N1CCC(CC1)NC(=O)C(CCSC)N[S](=O)(=O)c2ccc(C)cc2,207.48
CCCNC(=O)C(C)NC(=O)c1cc2cc(C)ccc2nc1C,185.1
CC(=O)c1c(C)[nH]c(C(=O)CN2C(=O)C3CCCN3C2=O)c1C,174.09
CC1(NC(=O)N(CC(=O)NC2CCCCC2)C1=O)c3ccccc3Cl,188.52
Cc1ccc2nc(c(CSc3nnc(CN4CCCC4=O)n3c5ccccn5)n2c1)c6ccccc6,212.33
Cc1cc(C)n(CC(=O)N2CCCC2c3cscc3)n1,165.49
COc1cc(CN(C)C(=O)C2CCN(CC2)C(C)=O)ccc1OCc3ccccc3,195.9
COc1ccc(cc1OC)C(O)=O,137.49
CCCN(C1CCc2ccccc2C1)C(=O)CCc3c[nH]c4ccccc34,192.67
CC1CCCCC12NC(=O)N(CC(=O)c3ccc4ccccc4c3)C2=O,189.79
Fc1ccc(cc1)c2nnc(SCC(=O)N3CCN(CC3)c4ncccn4)n2CC5CCCO5,221.22
O=C(Nc1ccc2OCOc2c1)C3CCN(CC3)c4ccc(cn4)[S](=O)(=O)N5CCOCC5,206.29
CC(C)(C)NC(=O)COC(=O)C12CC3CC(CC(C3)C1)C2,179.25
Cc1ccnc2nc(nn12)C(=O)N3CCN(CC3)C(=O)c4ccccc4OC(F)F,185.7
FC(F)(F)c1ccc(cc1)c2ccccc2C(=O)OCC(=O)NCCN3C(=O)CSC3=S,205.77
COc1cc(OC)cc(c1)C(=O)N(C)Cc2cc(Br)ccc2OC,182.44
C1Oc2ccc(CN3CCN(CC3)c4ncccn4)cc2O1,173.85
Cc1ccc(cc1)c2oc(SCC(N)=O)nn2,156.87
CC(C)NC(=O)CNC(=O)c1oc2ccc(Cl)cc2c1,173.94
COc1ccc(cc1OC)C(=O)OCC(=O)N2CCC(C)CC2,182.67
CN(CC1COc2ccccc2O1)CC(=O)Nc3ccccc3Cl,179.89
CC(N[S](=O)(=O)c1ccc(C)c(C)c1)c2ccccn2,169.79
Cc1cc(C)n2nc(SCC(=O)Nc3ccccc3Cl)nc2n1,184.08
N#CC(=Cc1cscc1)c2ccccn2,147.75
C1CN(CCN1c2ccccn2)c3nnnn3c4ccccc4,168.46
O=C(OCc1oc2ccccc2c1)c3cccc(c3)[S](=O)(=O)N4CCCC4,190.63
COc1ccc(c(OC)c1)c2oc(SCc3oc(nn3)c4occc4)nn2,192.41
CN(CCO)c1ccc(cc1)C2NC(=O)c3ccccc3N2,163.94
COc1ccccc1C(C)NC(=O)CNC(=O)c2ccc(cc2)c3ccccc3,210.04
COc1cc(ccc1C)C(=O)N2CCN(CC2)CC(=O)N3CCCCC3C,206.71
CCC(C)NC(=O)CN1C(=O)NC(C)(C1=O)c2ccccc2Cl,177.82
COc1cc(NC(=O)c2cccnc2SC)cc(OC)c1,173.23
O=C(CNC(=O)c1ccc(cc1)c2ccccc2)N3CCN(CC3)Cc4sccc4,204.5
COc1cccc(CNC(=O)CNc2ccccc2Cl)c1,176.62
CC(C)OCCCNC(=O)C(NC(=O)c1ccc(Cl)cc1)C(C)C,189.11
O=C(Nc1ccc2OCOc2c1)c3ccncc3,161.42
CCCN(Cc1oc(nn1)c2occc2)C(=O)c3cc(nn3c4ccccc4)C5CC5,205.5
CC(=O)N1CCC(CC1)(C(=O)N2CCc3ccccc23)c4ccccc4,184.13
O=C(C1COc2ccccc2O1)N3CCN(CC3)C(=O)c4cn(nc4c5cccnc5)c6ccccc6,208.98
CCC(=O)N(C1CC1)c2sc(SCCCc3onc(n3)c4ccc(Cl)cc4)nn2,202.49
COc1ccc(cc1OC)C(=O)Nc2ccnn2C3CCCC3,182.99
CC1CN(CC(C)O1)C(=O)CSc2nnnn2c3ccc(OC(F)(F)F)cc3,197.36
Cc1scc(CSc2nnc(N3CCOCC3)n2C4CC4)n1,175.45
O=C(CN1C(=O)C=Nc2ccccc12)Nc3cc(ccc3N4CCCC4)[S](=O)(=O)N5CCOCC5,222.46
CCC(C)NCC(=O)Nc1ccccc1C(F)(F)F,163.18
CCN(CC(=O)Nc1ccccc1C(F)(F)F)C(=O)CCc2ccccc2,187.24
COc1ccc(CN(CN2C(=O)NC3(CCCCCC3)C2=O)CC(F)(F)F)cc1,194.13
O=C(NCC1CCCO1)c2ccccc2NC(=O)c3ccc(cc3)[S](=O)(=O)N4CCOCC4,222.65
Cn1ccnc1C(N[S](=O)(=O)c2ccccc2)c3ccccc3F,175.3
CN(CC1=Nc2scc(c3sccc3)c2C(=O)N1)CC4=Nc5ccccc5C(=O)N4,203.03
Clc1ccc(CN2CCN(CC2)C(=O)CCNC(=O)c3ccc(Cl)cc3)cc1,196.35
CCC(CO)NCC(O)COCc1ccc(OC)c(OC)c1,173.62
Cc1ccc(OCCCCN2CCc3ccccc3C2)cc1,168.57
CC1CCN(CC1)CC(=O)N2N=C(CC2c3occc3)c4ccc(C)cc4,197.99
O=C(CN(Cc1ccccc1)[S](=O)(=O)c2ccccc2)N3CCN(CC3)C(=O)c4sccc4,208.67
Fc1ccc(CN(C2CCCCC2)C(=O)CSc3oc(nn3)c4ccccc4Cl)cc1,212.42
COc1ccc(cc1)C2CCCCCN2C(=O)Cn3cnc4N(C)C(=O)N(C)C(=O)c34,201.46
COc1ccc(CN(C)C(=O)Cc2c[nH]c3ccccc23)cc1,175.61
O=C1CCCN1c2cccc(c2)c3csc(n3)c4cccnc4,176.71
O=C(C1CCN(CC1)C(=O)c2cccc(Oc3ccccc3)c2)N4CCCCCC4,207.75
Cc1cc(N2CCCC2)n3ncnc3n1,142.38
Cc1ccc(CN2C(=O)c3cccc4cccc(C2=O)c34)cc1,168.02
Cc1cc(Br)ccc1NC(=O)CN2C(=O)CCC2=O,165.03
O=C(NCC(N1CCOCC1)c2sccc2)c3cn(nc3c4ccccc4)c5ccccc5,217
COCCNC(=O)CNc1nc(CN2CCCCC2)nc3sc4CCCCc4c13,198.29
Fc1ccccc1CN(C2CC2)[S](=O)(=O)c3ccc4OCCCOc4c3,180.65
CCNC(=O)CNC(=O)CSc1sc(NC2CCCCC2)nn1,189.98
Clc1ccc2nc(CNC(=O)CC3CCC=C3)cn2c1,170.3
CN(CCOc1ccc(Cl)cc1)C(=O)CCCn2cnc3N(C)C(=O)N(C)C(=O)c23,193.58
Clc1ccc(cc1)C(=O)N2CCCC(C2)C(=O)N3CCCc4ccccc34,192.91
Cc1nnc(SCC(=O)Nc2ccccc2C(=O)c3ccccc3)n1C4CC4,199.55
O=C(N1CCN(CC1)CC2CCCO2)c3ccc(OCC4CCCO4)cc3,206.36
O=C(NCc1ccccc1CN2CCCC2)c3cccc4cccnc34,184.39
CC1CN(CCO1)C(=O)c2ccc(cc2)[S](=O)(=O)N3CCCC3,186.16
Cc1cc(C)n2c(SCC(=O)c3cc(C)n(Cc4ccc5OCOc5c4)c3C)nnc2n1,215.49
CN(C)[S](=O)(=O)c1ccc2n(C)c(CCC(=O)NCCCSc3ccccc3)nc2c1,209.46
Cc1ccc(cc1)C(=O)Nc2c(C)cccc2C,157.38
CNc1snc(C)c1C(=O)OCC(=O)c2cccc(OC)c2,177.82
CC(NC(=O)CSc1oc(nn1)c2ccc3OCOc3c2)C45CC6CC(CC(C6)C4)C5,214.99
COc1ccc(cc1)C=C2SC(NC2=O)=CC(=O)c3occc3,176.45
O=C(N1CCN(CC1)Cc2ccc(cc2)C#N)c3sc4CCCc4c3,194.91
O=C(Nc1ccc(nc1)N2CCOCC2)c3ccccc3CSc4oc5ccccc5n4,212.74
CCOC(=O)c1sc2nc(CN3CCOCC3)nc(NC(C4CC4)c5ccccc5)c2c1C,217.42
CN(Cc1ccccc1C)C(=O)CSc2nnc(C3CC3)n2C4CC4,189.59
Cc1onc(C)c1[S](=O)(=O)N2CCN(CC2)C(=O)c3cc(nn3c4ccccc4)c5sccc5,215.15
CCCN(Cc1oc(nn1)c2sccc2)C(=O)c3ccc(cc3)[S](=O)(=O)N4CCCCC4C,205.49
COc1ccc(cc1NC(=O)c2ccccc2SCC3CCCO3)[S](=O)(=O)N4CCCCC4,221.5
CN(CC(=O)Nc1ccc(cc1)N2CCOCC2)Cc3ccccc3N4CCCCC4,213.41
Clc1ccc(Cl)c(c1)C(=O)Nc2ccc3OCOc3c2,165.73
CN(C)C(=O)C(Sc1nnc(n1C2CC2)c3ccncc3)c4ccccc4,199.13
Cc1ccccc1N2CCN(CC2)C(=O)CNC(=O)c3cccc(Cl)c3,185.18
COc1cccc(c1)c2scc(CSc3nnc(n3C)c4occc4)n2,189.57
COc1ccc(cc1[S](=O)(=O)N2CCCC2)C(=O)Nc3cccc(c3)C(F)(F)F,199.66
CCN(CC)[S](=O)(=O)c1ccc(cc1)C(=O)NCCO,175.03
OC(=O)CCn1ccc2ccccc12,138.72
CCC(=O)c1ccc(OCC(=O)NCc2cccc(OC)c2)cc1,169.64
COc1cccc(CNC(=O)C(C)N2C(=O)C3CCCCC3C2=O)c1,187.23
COCCCN1C(=O)c2ccc(Cl)cc2N=C1SCCC(=O)NC3CCCCC3,205.71
OC(=O)C(Cc1ccccc1)NC(=O)CCn2ccc3ccccc23,177.54
COc1ccc(NC(=O)C(OC(=O)c2nn3c(C)ccnc3n2)c4ccccc4)cc1,209.06
CCn1c(CN(Cc2ccc(OC)cc2)C3CC3)nc4cc(ccc14)[S](=O)(=O)N(C)C,201.75
CC(NC(=O)CN1C(=O)NC2(CCCCCCC2)C1=O)C34CC5CC(CC(C5)C3)C4,211.47
OCC(O)CN1CCN(CC1)c2ccccc2,155.88
COc1cc(CO)ccc1Oc2nc(CN3CCOCC3)nc4scc(c5sccc5)c24,204.38
COc1ccc(cc1)C2=NN=C(Nc3ccccc3OC)SC2,180.34
Cn1nc(C)c2cc(cnc12)C(=O)OCc3c(C)onc3C,177.99
O=C(Cc1csc(n1)c2ccccc2)N3CCN(CC3)[S](=O)(=O)c4ccc5OCCCOc5c4,215.12
CC1CC(C)CN(C1)C(=O)CSc2[nH]nc(n2)c3sccc3,181.7
COc1cccc(C=CC(=O)NCC2COc3ccccc3O2)c1,178.91
CC(Sc1nnc(n1Cc2ccccc2)c3occc3)C(=O)NCC4CCCO4,200.85
COc1cccc(CCNC(=O)CCCc2ccccc2)c1,172.41
O=C(Cc1csc(Cc2ccccn2)n1)N3CCN(CCOc4ccccc4)CC3,204.19
CN(C1CCCCC1)C(=O)CSc2nnc(C3CC3)n2c4ccccc4,193.34
CCc1ccc(Cl)c(CC)c1NC(=O)Cc2ccccc2OC,177.15
Cc1cccc(Nc2ccccc2C(O)=O)c1C,154.7
Cc1nn(nc1C(=O)N2CCN(CC2)[S](=O)(=O)c3ccc4OCCCOc4c3)c5ccccc5,218.89
O=C(COc1cccc(Oc2ccccn2)c1)N3CCCC3c4nnc5ccccn45,188.15
O=C(N=C1SC=CN1Cc2ccccc2)c3oc(C[S](=O)(=O)c4ccccc4)cc3,197.51
CN(C)C(=O)C(Sc1nnc(COc2c(C)cccc2C)n1c3ccccc3)c4ccccc4,210.83
Cc1ccc(cc1)[S](=O)(=O)N2CCNC(=O)C2,159.77
CC(N1CCN(CC1)C(=O)CSc2nnc(n2CC3CCCO3)c4sccc4)c5ccccc5,214.65
O=C(Nc1ccccc1N2CCOCC2)c3cccc(c3)[S](=O)(=O)N4CCc5ccccc5C4,210.64
O=C1CCCN1Cc2ccccc2CN[S](=O)(=O)c3ccccc3,175.1
OC(Cn1cncn1)(Cn2cncn2)c3ccc(F)cc3F,167.56
CC12CCCC(CCC1)(C2)C(O)=O,144.59
CN(c1ccccc1)[S](=O)(=O)c2ccc(cc2)C(=O)N(Cc3cccnc3)C4CC4,206.52
O=[S](=O)(Nc1nc2ccccc2nc1NCc3ccc(nc3)N4CCOCC4)c5ccccc5,216.99
Fc1cccc(NC(=O)CN2CCCCCC2)c1,161.31
CC1Cc2ccccc2N1C(=O)COc3ccc4NC(=O)CCc4c3,193.21
O=C(CCc1c[nH]c2ccccc12)NC(CN3CCOCC3)c4ccccc4,187.55
Cc1cc(C)n2nc(nc2n1)C(=O)OCC(=O)Nc3ccccc3Cl,186.36
CN(Cc1ccc(cc1)N2CCOCC2)C(=O)c3onc(C)c3,186.53
Fc1ccc(cc1[S](=O)(=O)N2CCCCC2)C(=O)N3CCC(CC3)Cc4ccccc4,213.35
COc1ccc(cc1)c2nnc(SCc3oc(nn3)c4occc4)n2CC5CCCO5,204.61
CN(Cc1cnn(Cc2ccccc2)c1)C(=O)c3ccc(OCc4c(C)onc4C)cc3,195.83
CCN1N=C(C(=O)OCC2=CC(=O)Oc3cc(C)ccc23)c4ccccc4C1=O,199.66
COc1ccccc1NC(=O)COc2ccc(cc2OC)C(=O)OCC(=O)N(C(C)C)C(C)C,229.51
CCN(CC(=O)Nc1sc2CCCc2c1C#N)Cc3ccc4OCOc4c3,193.03
CCCC(NC(=O)c1ccc2N(CCc2c1)C(=O)CC)c3ccccc3,194.8
NC(=O)c1c(NC(=O)CN(CC2CCCO2)Cc3sccc3)sc4CCCc14,204.89
O=C(CSc1ncccn1)N(C2CCCCC2)C3CC[S](=O)(=O)C3,185.81
CC(C)(C)OC(=O)N1CCC(CC1)C(=O)N2CCN(CC2)Cc3ccc4OCCc4c3,199.07
CCc1ccc(cc1)N2CC(CC2=O)c3nc4ccccc4n3CC(=O)N5CCCC5,209.44
OC(=O)c1cn(nc1c2cccc3ccccc23)c4ccccc4,178.3
O=C(N1CCN(CC1)C(=O)c2ccccc2OCc3ccccc3)c4occc4,191.36
Cc1ccccc1c2noc(COc3ccccc3C(=O)Nc4ccccc4)n2,192.28
CCN(CC)[S](=O)(=O)c1cccc(c1)c2oc(SCc3cc(on3)c4ccccc4)nn2,223.27
CN(C)S(=O)(=O)C1=CC=C(C=C1)N,159.4
CCn1c(CSc2nnnn2C3CCCCC3)nc4cc(ccc14)[S](=O)(=O)N5CCOCC5,227.95
CC(=O)NCc1sc(cc1)[S](=O)(=O)NCc2occc2,161.05
Cc1ccnc2nc(nn12)C(=O)NC(C3CC3)c4ccc(Cl)cc4,188.76
COc1ccc(C)cc1NC(=O)CNc2ccc(Cl)cc2F,176.49
CC1CN(CC(C)O1)C(=O)CCN2C(=O)NC(=O)c3ccccc23,179.12
COc1ccccc1c2nnc(SCC(=O)NCC(F)(F)F)n2Cc3occc3,190.58
COCCOC(=O)C1=C(C)NC(=S)NC1c2ccccc2C(=O)OC,183.82
COC(=O)c1oc(CSC2=NNC(=O)N2C3CC3)cc1,162.63
Cn1cc(cn1)C=C(C#N)c2onc(n2)c3ccc(C)cc3,185.95
COc1ccccc1c2oc(SC(C)C(=O)c3ccc(Cl)cc3)nn2,191.08
COc1cccc(CN2C=C(C=CC2=O)[S](=O)(=O)N3CCCC3)c1,181.85
Cc1ccccc1OCc2nnc(SCC(=O)N3CCC(=N3)c4ccccc4)n2c5ccccc5,224.27
COCCNC(=O)NC(=O)CN1CCc2sccc2C1C,175.79
CC(C)NC(=O)CNC(=O)c1cc(nc2ccccc12)c3ccc(F)cc3,196.61
CC(CCc1ccccc1)NC(=O)CNC(=O)c2sccc2,173
COc1ccc(cc1)C2CCCN2C(=O)CN3C(=O)c4ccccc4C3=O,185.77
Fc1ccc(cc1F)C(=O)CSc2oc(Cc3ccccc3)nn2,179.97
O=C(CN1CCCC1c2ccc3OCCCOc3c2)Nc4ccc(cc4)N5CCOCC5,216.35
CN(CC(=O)Nc1ccc(cc1)c2nnc3CCCCCn23)[S](=O)(=O)c4ccc(Cl)cc4,225.42
COC(=O)CNC(=O)N1CCN(CC1)[S](=O)(=O)c2cc(cc(c2)C(F)(F)F)C(F)(F)F,202.02
Oc1ccccc1NC(=O)c2ccc3ncsc3c2,167.26
CCN(CC)CCCC(C)NC(=O)c1cccc(OC)c1OC,178.89
CC(C)n1ncc2c(cc(nc12)c3cc(C)sc3C)C(=O)N4CCOCC4,200.65
CCOc1ccccc1C=C2C(=O)Nc3ccccc23,160.52
O=[S](=O)(N1CCN(CC1)Cc2ccccn2)c3sccc3,167.93
Cn1ccnc1C(N[S](=O)(=O)c2ccccc2)c3ccc(Cl)cc3,178.95
O=C(NCC1(CCCCC1)N2CCCCC2)c3cn4ccccc4n3,185.46
O=C(COC(=O)c1ccccc1)NCCc2c[nH]c3ccccc23,177.27
COc1cc(C=CC(=O)c2ccc(O)cc2)cc(OC)c1O,175.15
CCOc1cc(N2CCOCC2)c(OCC)cc1NC(=O)COc3ccc4C=CC(=O)Oc4c3,203.02
FC(F)(F)c1cccc(CC(=O)N(Cc2oc(nn2)c3ccccc3Cl)C4CC4)c1,189.36
COc1ccc(NC(=O)COc2ccccc2O)cc1,165.96
Clc1ccc(cc1[S](=O)(=O)N2CCOCC2)C(=O)OCC(=O)c3ccc(cc3)c4ccccc4,223.71
Clc1ccc(cc1)C(=O)NCC(=O)NCc2ccccc2CN3CCOCC3,193.27
Cn1nc(C)c(NC(=O)CSc2nnc(n2c3ccccc3)c4ccc5OCOc5c4)c1C,216.9
COC(=O)c1ccc(cc1)C2C=C(Nc3nnnn23)c4ccccc4Cl,192.34
O=C(CSc1ccccc1C(=O)Nc2ccc(cc2)c3sccn3)NCc4occc4,211.04
Cc1ccc(cc1)n2c(C)nnc2SCC#N,156.71
FC(F)(F)c1cccc(SCC(=O)Nc2sc(nn2)C3CC3)c1,174.89
O=C(Nc1sccn1)C=Cc2sc(cc2)c3ccccc3,178.3
O=C1CCCN1Cc2cccc(c2)C(=O)N3CCN(CC3)[S](=O)(=O)c4ccc5OCCOc5c4,209.15
COC(=O)c1ccccc1NC(=O)CSC2=Nc3ccccc3C(=O)N2C4CCCC4,208.18
CN(C)Cc1ccc(cc1)c2ccccc2CNC(=O)C3CCN(CC3)c4ccc(Cl)nn4,201.9
Clc1cc(Cl)cc(c1)[S](=O)(=O)NC2CC2,155.54
O=C(C1CCC1)N2CCN(CC2)[S](=O)(=O)c3ccc4OCCOc4c3,185.78
CCN(CC)C(=O)CN1C(=O)NC(C)(C1=O)c2ccccc2,172.4
O=C(Nc1scc(n1)c2ccc3OCOc3c2)c4ccc(cc4)n5cncn5,199.84
Cc1onc(C)c1CSc2ncccc2C(=O)N3CCCC3c4sccc4,187.75
Brc1ccc(OCC(=O)NC(C2CC2)C3CC3)cc1,174.06
CC1CCCCC12NC(=O)N(CC(=O)NCc3cn(nc3c4ccc(F)cc4)c5ccccc5)C2=O,221.37
COC(C(=O)N1N=C(CC1c2cccc(OC)c2O)c3sccc3)c4ccccc4,200.31
CC(C1=CC=CC=C1)NC2=NC=NC3=C2NC=N3,153.74
CN(C)CCOC(=O)CC12CC3CC(CC(Br)(C3)C1)C2,172.25
CC(=O)N1CCN(CC1)CC(=O)Nc2cc(C)ccc2C,175.89
COc1ccc(CCSC2=Nc3ccsc3C(=O)N2CC=C)cc1,174.58
CC(C)(C)n1nnnc1SCC(=O)Nc2ccccc2OC(F)F,182.91
Fc1cccc(c1)n2nnnc2SC(C(=O)N3CCCCC3)c4ccccc4,188.79
CC1CN(CC(C)O1)C(=O)c2cnc3n(Cc4ccccc4)ncc3c2,190.61
O=[S](=O)(N(CC=Cc1ccccc1)c2ccc3OCCOc3c2)c4ccccc4C#N,195.24
CCC1(CC)NC(=O)N(CC(=O)Nc2ccc3OCOc3c2)C1=O,178.35
CCCNC(=O)CN(CCC)C(=O)CNC(=O)c1ccc(OC)c(OC)c1,203.25
O=C(N1CCCN(CC1)Cc2ccccc2)c3ccc(cc3)c4ocnc4,191.75
CN1C(=O)N(C)c2ncn(CC(=O)N(Cc3ccccc3)c4ccc(C)cc4)c2C1=O,205.01
Cc1oc2ccc(NC(=O)Cc3c(C)onc3C)cc2n1,174.24
CC(C)NC(=O)CC(C)NC(=O)c1ccccc1,162.83
Fc1ccc(OCc2scc(CSc3nnnn3Cc4sccc4)n2)cc1,190.67
Cc1cc(C)n2nc(nc2n1)C(=O)Nc3ccccc3C(=O)NC4CC4,187.57
CNC(=O)CN(C)C(=O)c1cc(nc2ccccc12)c3ccc(Br)cc3,195.74
ClC1(Cl)CC1C(=O)Nc2cccc(c2)C(=O)NC3CC3,178.47
CCN1CCN(CC1)C2=N[S](=O)(=O)c3ccccc23,162.73
Cc1ccc(cc1)C2(C)NC(=O)NC2=O,151.73
COc1cccc(c1)c2nnc(SCc3oc(C)nn3)n2Cc4occc4,186.98
Cc1ccccc1NC(=O)CNC(c2ccccc2)c3ccccc3,182.1
CSc1ccc(NC(=O)CCc2cscc2)cc1,166.1
COc1ccc(C)cc1C(=O)Nc2ccc(NC(C)=O)c(Cl)c2,182.38
COc1ccc(NC(=O)c2cc(OC)c3OCCOc3c2)cc1,178.52
Cc1ccc(Cn2nccc2NC(=O)COc3ccccc3c4ccccc4)cc1,198.31
CC(C)C1NC(=O)N(CC(=O)Nc2cccc(c2)C(F)(F)F)C1=O,181.65
CCN(CC)C(=O)c1ccc(NC(=O)c2ccc3OCCOc3c2)cc1,196.01
CC(=O)c1cccc(OCC(=O)Nc2ccnn2Cc3ccccc3Cl)c1,185.76
O=C(Cc1cnn(c1)c2ccccc2)N3CCN(CC3)[S](=O)(=O)c4ccc5OCCCOc5c4,212.47
C=CCNC(=O)COc1ncnc2sc3CCCc3c12,171.32
O=C(CN1C(=O)Oc2ccccc12)N3CCN(CC3)c4ccccn4,172.09
CCOC(=O)c1c(C)[nH]c(C(=O)COc2ccccc2)c1C,176.16
COCCN1N=C(C=CC1=O)C(=O)NC2CCC(C)CC2,178.13
Cc1csc(NC(=O)c2ccccc2c3ccc(cc3)C(F)(F)F)n1,177.25
Cc1occc1c2nnc(SCc3ccccc3C#N)n2CC=C,174.8
Fc1ccccc1CCNC(=O)CCCc2c[nH]c3ccccc23,175.29
Cc1ccc(NC(=O)CC2C(=O)N3CCNC3=C2C(=O)c4ccccc4)cc1,192.58
CCN(CC)[S](=O)(=O)c1ccc(N)cc1,167.51
CCCOc1ccccc1NC(=O)c2occc2,152.71
CC(Sc1ncnc2ccsc12)C(=O)NC3(CCCCC3)C#N,181.31
CN(C)[S](=O)(=O)C1=CN(CC(=O)c2ccc(F)cc2)C(=O)C=C1,178.55
COc1ccc(CN2CCN(CC2)CC(=O)Nc3ccccc3c4ccccc4)cc1F,202.46
CC(C)NC(=O)CSc1ccccc1C(=O)OCCOc2ccccc2,189.92
Clc1ccc(cc1)c2nnc(SCC(=O)N3CCCC3)n2Cc4occc4,199.91
COCCNC(=O)C1=CC(=O)c2cc(C)ccc2O1,160.64
CN(Cc1onc(n1)c2ccc(C)cc2)Cc3ccccc3N4CCCCC4,191.2
Fc1cccc(Cl)c1CNC2CCN(CC2)Cc3ccccc3,174.37
CN1C2CCC1CC(C2)OC(c3ccccc3)c4ccccc4,181.24
CC(OC(=O)c1ccc(cc1)c2ccc(O)cc2)C(=O)NCc3ccccc3,203.01
CC(Nc1ccc2nnnn2n1)c3ccc(cc3)c4ccccc4,188.34
CC(Nc1ccc(cc1)c2ccccc2)C(=O)N3CCN(CC3)C(=O)c4occc4,201.43
CC(C)CNC(=O)CN1C(=O)NC2(CCCCCC2)C1=O,177.4
Cn1cnnc1SCC(=O)N(C2CCCCC2)c3ccccc3,181.89
CCN(CN1C(=O)NC(C)(C1=O)c2ccc(Cl)cc2)CC(=O)NC(C)C,198.17
CC(N(C)[S](=O)(=O)c1ccccc1)c2ccc(cc2)n3cnc4ccccc34,201.1
CC(C)C(=O)NCCN[S](=O)(=O)c1ccccc1c2ccccc2,179.41
CC1CCCN(C1)N(C(C)C=O)C(=O)Nc2c[nH]c3ccccc23,176.1
CN(CC(=O)Nc1c(C)cc(C)cc1C)C(=O)c2ccc(cc2)[S](C)(=O)=O,201.56
CC1CCc2[nH]c3ccc(cc3c2C1)C(=O)N(C)Cc4sccc4,185.28
CCCN(Cc1oc(nn1)c2sccc2)C(=O)Cn3cnc4cc(Cl)cc(Cl)c34,204.67
COc1ccccc1CNC(=O)c2ccc3OCCCOc3c2,176.48
CC1CC1C(=O)Nc2ccc3nc(sc3c2)N4CCOCC4,183.41
CCOc1ccccc1OC2CCNCC2,150.79
CCN(CC)C(=O)c1ccc(NC(=O)C=Cc2occc2)cc1,185.22
CCN1C(=O)N(CCOc2ccc(Br)cc2)C(=O)C1=O,173.18
Brc1ccc2nc(NC(=O)CSc3nnnn3C4CCCC4)sc2c1,197.85
O=C(Cc1csc(n1)c2ccccc2)NCCc3sccc3,178.68
COc1ccc(cc1)C(=O)N2CCN(CC2)c3ncccn3,170.46
FC(F)(F)c1ccc(cc1)C(=O)N2CCC(CC2)C(=O)N3CCC(CC3)C(=O)N4CCCC4,206.85
COc1ccc(Br)c(c1)C(=O)Nc2sc(C)cn2,162.12
O=[S](=O)(N1CCOCC1)c2ccc(cc2)c3csc(n3)N4CCOCC4,202.54
Cc1cc(N2CCN(CC2)Cc3sccc3)n4ncnc4n1,174.83
Brc1ccccc1C(=O)Nc2cccc(c2)C(=O)NC3CC3,181.63
NCCc1ccc(OC(F)(F)F)cc1,151.37
COC(=O)c1oc(CC(Cc2oc(cc2)C(=O)OC)(C#N)C(=O)Nc3ccc(OC)c(OC)c3)cc1,213.58
COCCNC(=O)C(C)NC1=N[S](=O)(=O)c2ccccc12,171.21
CNC(=O)NC(=O)C(C)SC1=Nc2ccccc2C(=O)N1c3cccc(C)n3,192.88
NC(=O)N1CCC(CC1)C(=O)NC2CCCCC2,164.8
Cc1ccccc1C(=O)N2CCN(CC2)[S](=O)(=O)c3ccc4CCCCc4c3,202.58
Cc1ccc(cc1)[S](=O)(=O)N(CC(=O)N2CCN(CC2)C(=O)c3ccccc3)Cc4occc4,211.1
Cc1cc(on1)C(=O)N2CCN(CC2)c3ccccc3Cl,173.13
CCCN(C1CC[S](=O)(=O)C1)C(=O)c2cc(OC)ccc2Br,174.68
O=C(N1CCN(CC1)C(=O)c2ccc(cc2)n3cnc4ccccc34)c5sccc5,211.18
Fc1ccc(cc1)C(CNC(=O)Nc2ccc(F)cc2F)N3CCOCC3,187.78
CCCSc1[nH]c(nn1)c2ccc(C)cc2,157.32
CC(=O)NCCc1ccc(cc1)C(=O)Nc2scc(n2)c3ccccn3,189.23
COc1cc(OC)cc(c1)c2oc(SCc3cccc(c3)[S](=O)(=O)N(C)C)nn2,191.85
OC(C(=O)OCC(=O)NC12CC3CC(CC(C3)C1)C2)(c4ccccc4)c5ccccc5,216.98
Cc1ccccc1CSCN2N=Nc3ccccc3C2=O,160.85
CN1C(=O)N(C)c2ncn(CC(=O)NCCSCc3cscc3)c2C1=O,177.61
Cn1ncc2c(Nc3ccc4[nH]ncc4c3)ncnc12,165.34
COc1ccc(cc1OC)C(CNc2nc(nc3ccccc23)c4cccnc4)N5CCOCC5,210.65
O=C(N1CCCC1c2nnc3ccccn23)c4ccc(cc4)[S](=O)(=O)N5CCCC5,204.68
CN(C)C(=O)C1CCCN1c2nc(CN3CCOCC3)nc4scc(c5sccc5)c24,203.29
FC(F)Oc1ccc(cc1)C(=O)OCc2oc3ccccc3n2,174.13
COc1ccc(CNC(=O)c2ccc3ncsc3c2)cc1OC,191.18
O=C(N1CCN(CC1)C(=O)c2ccc3noc(c4ccccc4)c3c2)c5sccc5,202.73
COc1ccc(CC(=O)NC(C)c2ccc(cc2)c3ccccc3)c(OC)c1,200.27
COc1ccc(cc1)C2CCCCCN2C(=O)C3CCN(CC3)[S](=O)(=O)c4ccc(F)cc4,212.32
CCc1ccccc1NC(=O)c2cc(ccc2Br)[S](N)(=O)=O,180.67
CN(CCOc1ccccc1C)C(=O)c2nn(c(C)n2)c3ccc(F)cc3,184.01
CN(Cc1c(C)nn(c1C)c2ccccc2)C(=O)c3nn4c(C)cc(C)nc4n3,203.39
Clc1ccc(cc1)c2noc(CN3CCCC3c4ccc5OCCOc5c4)n2,195.63
Fc1ccc(CN(C2CC2)C(=O)c3ccc(Br)c(c3)[S](=O)(=O)N4CCOCC4)cc1,205.33
Cc1ccc(cc1C(=O)N2CCCC2c3ccc4OCCOc4c3)[S](=O)(=O)N5CCOCC5,206.27
CC(NC(=O)CSc1nnc(c2ccccc2)c(n1)c3ccccc3)c4ccc5OCCOc5c4,226.08
Clc1ccc(NC(=O)c2cccnc2N3CCCC3)cc1,176.16
CN1C(=O)c2ccc(cc2C1=O)C(=O)NCCC3CCCC3,182.21
Cc1nn(Cc2oc(nn2)c3occc3)c(C)c1[S](=O)(=O)N4CCCCC4,196.84
Cc1ccc(cc1)c2noc(n2)C3CN(C(=O)C3)c4ccc5OCOc5c4,191.75
O=C(N1CCN(CC1)[S](=O)(=O)c2cccc3nsnc23)c4ccc(cc4)n5cccn5,208.89
O=C1CC(CN1C2CC2)C(=O)Nc3ccc(cc3)N4CCOCC4,192.07
CC(C)(C)OC(=O)N1CCCC(C1)C(=O)Nc2ncccc2O,173.56
O=C1CN(CCN1)CC(=O)N(Cc2ccccc2)Cc3ccccc3,184.48
COc1ccc(F)cc1CSc2nnnn2c3ccc(O)cc3,174.37
CC1CC(C)CN(C1)CC(=O)Nc2cc(nn2c3ccccc3)C4CC4,191.19
Clc1ccc(cc1)c2n[nH]cc2C3Nc4ccccc4C(=O)N3Cc5occc5,204.32
Clc1ccc(cc1)c2noc(n2)C3CN(C(=O)C3)c4ccc5OCCOc5c4,201.47
COCCn1c(C)cc(c1C)C(=O)COC(=O)c2cc(F)c(F)cc2Cl,191.15
C[S](=O)(=O)c1ccc(cc1)C(=O)NCc2ccncc2,180.71
Cn1ncc2c(Oc3ccc(Cl)cc3C)ncnc12,160.6
CC1(NC(=O)N(CC#N)C1=O)c2ccc3ccccc3c2,170.87
CCCN([S](=O)(=O)c1ccc(OCC)cc1)[S](=O)(=O)c2cc(OC)ccc2OC,207.01
CN(CCCNC(=O)Cn1cnc2N(C)C(=O)N(C)C(=O)c12)c3ccccc3,189.79
CC1CCc2nc3ccccc3c(C(=O)OCC(=O)NC4CC4)c2C1,185.55
O=C(CSc1ccccc1C(=O)NCc2csc(n2)c3ccccc3)N4CCCC4,199.28
Fc1ccccc1n2c(SCC3=CC(=O)N4C=CSC4=N3)nnc2c5cccnc5,199.87
COC(=O)c1cccc(NC(=O)c2oc(CSC)cc2)c1,177.13
Oc1ccc(cc1)c2ccc(cc2)C(=O)OCC(=O)N3CCc4ccccc4C3,205.2
CC[S](=O)(=O)N1Cc2ccccc2CC1C(=O)OCC(=O)Nc3ccc(C)cc3,198.99
CCOc1ccccc1NC(=O)c2ccc(OC(C)C)cc2,177.11
CC(Sc1nnc(Cc2sccc2)n1C3CC3)C(=O)NCc4occc4,193.33
O=C(CSc1nnc(n1Cc2ccccc2)c3sccc3)NCC4CCCCC4,212.19
CCCN1CCC(CC1)N(C)[S](=O)(=O)c2ccc(Oc3ccc(OCC)cc3)cc2,215.61
CCC1(NC(=O)N(Cc2cccc(F)c2)C1=O)c3ccc(OC)cc3,182.05
CN(Cc1ccc2OCOc2c1)C(=O)COc3ccc(C)c(C)c3,187.05
CCCN(Cc1oc(nn1)c2sccc2)C(=O)CN3CCN(CC3)c4ncccn4,210.05
O=C(CSc1nnc(N2CCCC2)n1CC3CCCO3)N4CCc5ccccc5C4,199.13
CC(OC(=O)c1[nH]c(C)c(C(C)=O)c1C)c2oc(nn2)c3ccccc3,192.44
O=C(COc1ccccc1C(=O)Nc2ccccc2)c3c[nH]c(c3)C(=O)N4CCCC4,207.87
C=CCOc1ccccc1CN(C(=O)CN2C=CC=CC2=O)c3ccc4OCCOc4c3,198.29
CCc1ccc2C(=CC(=O)Oc2c1)CN3CCN(CC3)c4ccccc4,197.31
CN(Cc1ccc(Br)cc1)C(=O)CN2CCc3sccc3C2,180.02
CC(NC(=O)CCc1onc(n1)c2cscc2)c3ccc(cc3)n4cncn4,186.95
Clc1ccc(OCc2ccc(cc2)c3ocnn3)cc1,173.95
O=C(CSc1nnnn1C2CC2)N(C3CCCCC3)c4ccccc4,188.82
COc1ccc(cc1)C(NC(=O)C2CCCN(C2)[S](=O)(=O)c3ccc(F)cc3)c4nccn4C,211.79
CCOC(=O)N1CCC(CC1)NC(=O)COc2ccc3CCCc3c2,193.73
COc1ccc(CNC(=O)CN2C(=O)NC(C)(C2=O)c3cccc(Br)c3)cc1,204.62
O=C(N1CCCC1c2ccccc2)c3ccc(Cn4cncn4)cc3,178.66
O=C1N(C(=Nc2sc3CCCCCc3c12)SCCN4CCOCC4)c5ccccc5,207.31
Clc1ccc(OCCNC(=O)NC2CCCCCC2)cc1,181.62
CC(=O)NCCNC(=O)CCNC(=O)c1ccc(Cl)cc1,177.76
Oc1ncccc1C(=O)OCC(=O)NCc2ccc(F)cc2,173.47
CN(CC(=O)Nc1cccc2ccccc12)C(=O)c3cnc4ccccc4n3,189.74
COc1ccc(cc1Br)[S](=O)(=O)Nc2ccc(Cl)cc2F,190.55
OC(=O)C(Cc1c[nH]c2ccccc12)N[S](=O)(=O)c3ccc(Cl)c(c3)C(F)(F)F,193.2
CCN1C(=O)C(=Nc2cc(ccc12)C(=O)N(Cc3ccc(F)cc3)C4CC4)C,197.3
CN(C)C(=O)COC(=O)c1cccc(NC(=O)c2sccc2)c1,184.91
CC(N1CCNC(=O)C1)C(=O)N2CCc3ccccc23,169
O=C(Nc1ccc(cc1)[S](=O)(=O)N2CCOCC2)c3ccccc3SCC4CCCO4,217.34
CCOc1ccc(cc1)N2CC(CC2=O)c3onc(n3)c4ccc5OCOc5c4,203.01
CC(C)COc1cccc(c1)C(=O)N(Cc2oc(nn2)c3ccccc3Br)C4CC4,213.09
O=C(NCc1ccc(CN2CCCC2)cc1)c3cccnc3N4CCOCC4,186.05
Fc1ccc(cc1)c2csc3ncnc(N4CCN(CC4)CC(=O)N5CCCC5)c23,202.29
COc1ccc(COCC(O)CNC(C)CCC(C)C)cc1,178.79
Fc1ccc(c(Br)c1)C(=O)NCc2ccc(CN3CCCC3)cc2,189.66
CC(N1C(=O)CC2(CCCC2)C1=O)C(=O)Nc3ccc(NC(C)=O)cc3,190.08
Clc1cc(CN2C(=O)NC3(CCOc4ccccc34)C2=O)cc5OCCCOc15,197.05
CN1C(=O)c2ccccc2n3c(SCc4cccc(Cl)c4)nnc13,173.42
CN(C)C(=O)C1CN(C(=O)COc2cc(C)cc(C)c2)c3ccccc3O1,188.86
CN(CC1=Nc2ccsc2C(=O)N1)C(=O)c3cn(Cc4ccccc4)nc3c5ccccc5,214.12
Cc1occc1C(=O)NCC2(CCSC2)N3CCOCC3,170.79
CCN1CCN(CC1)C(=O)C(C)OC(=O)c2nn(cc2OC)c3ccccc3,194.37
CCCN(Cc1oc(nn1)c2sccc2)C(=O)COc3ccc(cc3)c4scc(C)n4,199.69
Fc1ccccc1[S](=O)(=O)N2CCC[C@H]2C(=O)NCc3sccc3,179.92
Cc1onc(OCC(=O)Nc2cccc(Cl)c2)c1,159.44
CCOc1ccc(OCC(O)CN2C(=CC(=O)n3ncnc23)C)cc1,180.51
COc1ccc(NC(=O)c2cccc(c2)[S](=O)(=O)N3CCCC3)cc1OC,202.94
Cc1ccc(cc1C)[S](=O)(=O)Nc2ncnc3sc4CCCc4c23,182.95
Cc1noc2nc(cc(C(=O)N(Cc3cscc3)c4cccnc4)c12)c5occc5,202.3
CNC(=O)CN(C)[S](=O)(=O)c1ccccc1c2ccccc2,167.99
Cc1ccccc1n2cnnc2SCC(=O)NC3(CCCCC3)C#N,186.57
CC(C)N(C(C)C)C(=O)CN1CCC(=CC1)c2c[nH]c3cc(F)ccc23,197.09
CCN(CC)[S](=O)(=O)c1ccc(CNC(=O)c2ccccc2Br)cc1,187.27
CCN1CCCC1CNCc2cn(Cc3ccccc3)nc2c4ccc5OCCCOc5c4,207.79
CN(CCOc1ccc(Br)cc1)C(=O)c2cc(O)nc3ccccc23,175.99
Brc1cccc(c1)c2cc(C(=O)OCC(=O)N3CCN(CC3)C(=O)c4occc4)c5ccccc5n2,230.89
O=C1CCC(=NN1Cc2ccccc2)C(=O)Nc3ccccn3,172.01
Clc1ccc(cc1)[S](=O)(=O)N2CCCC2C(=O)OCc3ccc(cc3)n4cccn4,194.41
COc1ccccc1n2cnnc2SCc3oc(nn3)c4ccc(Cl)cc4,196.46
CCCNCC(O)COc1ccccc1C(=O)CCc2ccccc2,178.02
Cc1nc2ncnn2c(C)c1CCC(=O)N(Cc3cccnc3)c4ccc5OCOc5c4,192.12
CCCN(Cc1oc(nn1)c2sccc2)[S](=O)(=O)c3sccc3,181.88
CC(C)(C)c1cc(NC(=O)COC(=O)C2CN(Cc3ccccc3)C(=O)C2)n(n1)c4ccccc4,211.74
O=C(N1CCCC1c2ccc3OCCCOc3c2)c4ccc(cc4)[S](=O)(=O)N5CCCC5,206.29
CN1C(=O)N(C)c2nc(Cl)n(CCOc3ccccc3)c2C1=O,170.62
O=C(C(Sc1nnnn1C2CC2)c3ccccc3)N4CCOCC4,176.45
CCn1c(SCC2=CC(=O)N3C=CSC3=N2)ncc1c4ccccc4,186.91
Cc1ccc(C(=O)OCC(=O)c2sc(CC(=O)N3CCOCC3)cc2)c(C)c1,206.2
Cc1cccc(NC(=O)CN2C(=O)NC3(CCCCC3)C2=O)c1C,181.61
CCCCNC(=O)CN1C(=O)NC2(CCc3ccccc23)C1=O,179.71
FC(F)(F)c1nc2ccccc2n1CC=C,139.89
Clc1ccc(cc1)c2oc(COC(=O)c3ccc(Cl)c(c3)[S](=O)(=O)N4CCCC4)nn2,212.48
CN1C(=O)N(C)c2ncn(CC(=O)NC3CC3)c2C1=O,166.65
CCCNC(=O)NC(=O)CSc1nnc(n1Cc2occc2)c3ccc(Cl)cc3,208.04
Cc1onc(OCC(=O)Nc2ccc3OC4(CCCC4)Oc3c2)c1,183.45
O=C(N1CCCC1c2ccc3OCCOc3c2)c4ccc(cc4)[S](=O)(=O)N5CCCCCC5,210.19
CC(C)(CNC(=O)C1CCC1)N2CCc3ccccc3C2,171.79
CC(Oc1ccc(cc1)c2ocnn2)C(=O)NC3(CCCCC3)C#N,179.22
CCN(c1ccccc1)[S](=O)(=O)c2ccc3NC(=O)Nc3c2,182.54
CN(Cc1cn(nc1c2ccccc2)c3ccccc3)C(=O)C4CCN(CC4)C(=O)c5occc5,202.68
O=C(C1CCN(CC1)C(=O)c2oc3ccccc3c2)N4CCCCCC4,189.12
CCCn1c(Br)nc2N(C)C(=O)N(C)C(=O)c12,154.35
CC(NC(=O)CN1CCN(CC1)c2ccc(F)cc2)c3cccc(Cl)c3,190.81
CC(C)CC(NC(=O)c1ccc(Cl)cc1)C(=O)NCCNC(C)=O,188.93
Cc1oc2ccc(Nc3nc(CN4CCCC4)nc5sc(C)c(C)c35)cc2n1,194.95
NC1=Nc2nc3ccccc3n2C(N1)c4ccccc4N5CCCC5,178.61
CN(C)c1ncccc1CNC(=O)c2ccccc2c3ccc(cc3)C(F)(F)F,183.88
COc1ccc(CNC(=O)c2cc(ccc2OC)[S](N)(=O)=O)cc1OC,195.3
CCOc1cc(ccc1OC)C(=O)NCCCc2ccccc2,174.95
CC(C)=CC(=O)N1CCN(CC1)c2cccc(c2)C(F)(F)F,178.32
ClC1=C(C=NN(C1=O)c2ccccc2)N3CCN(CC3)C(=O)CCN4C(=O)COc5ccccc45,209.08
Cc1ccc(cc1F)C(=O)Nc2cccc(c2)c3nnnn3C4CC4,186.16
CC1(CCc2ccccc2)NC(=O)N(CC(=O)N3CCc4ccccc34)C1=O,184.76
COC(=O)c1ccccc1NCC(=O)NC2(CCCCC2)C#N,179.96
CNC(=O)CN1C(=O)NC(C1=O)(c2ccccc2)c3ccc(C)c(C)c3,190.07
Clc1cccc(c1Cl)C(=O)N2CCN(CC2)C(=O)CC3CCC=C3,188.39
Cc1ccc(cc1)c2nnc3SCC(=Nn23)c4oc5ccccc5c4,185
Fc1ccc(cc1)C(NC(=O)Cn2nnc(n2)c3cscc3)c4sccc4,198.48
COC(=O)c1c(C)[nH]c(c1C)C(=O)C(C)Sc2nnc(n2Cc3ccccc3)c4sccc4,221.4
O=C(CSc1nnnn1CC2CCCO2)N3CCC(CC3)Cc4ccccc4,202.76
CSc1nc(nc(C)c1C(=O)OC(C)C(=O)c2ccc(C)cc2)c3occc3,200.78
Cc1cccc(NC(=O)c2ccccc2NC(=O)CSc3nnnn3c4ccccc4)c1,209.68
CC(C)CCNC(=O)CN1C(=O)NC2(CCCCc3ccccc23)C1=O,194.04
CC(NC(=O)CN1C(=O)NC(C)(C1=O)c2ccc(C)cc2)c3ccccc3,194.46
CNC(=O)CN(C)c1ncnc2scc(c3ccc(Br)cc3)c12,182.05
O=C(CCCc1c[nH]c2ccccc12)NCCc3c[nH]c4ccccc34,181.58
Cc1onc(C)c1CC(=O)N2CCC3CCCCC3C2,169.68
O=C(CSc1nnnn1C2CCCC2)Nc3ccccc3C(=O)NCCc4ccccc4,211.04
COc1ccc(cc1)c2nn(cc2CSc3nnnn3CC4CCCO4)c5ccccc5,207.38
COc1ccc(OC)c(CN(C2CC2)C(=O)c3nn(c4ccccc4)c(n3)c5sccc5)c1,212.68
CCCCN1C(C(CCC1=O)C(=O)N2CCN(CC2)C(=O)c3sccc3)c4ccc(OC)cc4,215.36
CCc1ccc(OC(=O)c2ccc(cc2)[S](=O)(=O)N3CCCCCC3)cc1,203.52
Cc1ccc(cc1C)[S](=O)(=O)NCC(=O)NCc2ccc(F)cc2,189.83
Cc1onc(c2ccccc2)c1c3oc(CSc4nnnn4C5CC5)nn3,187.45
COc1ccc(cc1)c2scc(CN3C(=O)NC4(CCOc5ccccc45)C3=O)n2,199.56
COc1ccc(CNC(=O)c2ccc3OCCCOc3c2)cc1,180.35
O=C1CC(CN1C2CCCC2)C(=O)Nc3cccc(c3)C(=O)NC4CC4,185.76
COc1ccc(OCC(=O)N2CCC(=CC2)c3ccc(F)cc3)cc1,187.03
COc1ccc(cc1[S](=O)(=O)N(C)C)C(=O)Nc2cc(Cl)ccc2N3CCCC3,209.78
Clc1cc(ccc1OCC(=O)N2CCN(CC2)c3ccccc3)[S](=O)(=O)N4CCOCC4,209.25
CC(NC(=O)c1cccc(Oc2ccccc2)c1)c3ccccn3,184.5
Cc1ccc(cc1[S](=O)(=O)N2CCOCC2)C(=O)N(CCc3ccccc3)Cc4ccccc4,211.06
CN(Cc1cnn(c1)c2cccc(Cl)c2)C(=O)c3nn(nc3C)c4ccccc4,209.74
Cc1ccc(NC(=O)CN2CCCCC2C(N)=O)cc1F,170.92
Clc1cccc(c1)N2CCN(CC2)C(C(=O)NC3CC3)c4ccccc4,197.29
CCOc1cc(ccc1OC)C(=O)N(CC)CC(=O)Nc2c(Cl)cccc2Cl,200.99
Nc1sc(Cc2cc(ccc2Cl)C(F)(F)F)cn1,163.85
O=C(CCCC1=Nc2ccccc2C(=O)N1)NCCCCOc3ccccc3,194.39
Fc1ccc(Br)c(c1)C(=O)N2CCN(CC2)Cc3csc(n3)c4occc4,197.57
CN1N(c2ccccc2)C(=O)C(=C1C)NC(=O)c3cccnc3,176.25
O=C(NCCc1ccc2OCCOc2c1)C3(CC3)c4ccccc4,176.47
COCCn1c(Cc2ccccc2)nnc1SCc3cccc(c3)[S](=O)(=O)N4CCOCC4,209.94
O=C(CN1CCCC1c2sc3ccccc3n2)Nc4ccc5OCOc5c4,192.19
O=C(CN(c1ccccc1)[S](=O)(=O)c2ccccc2C#N)N3CCCCCC3,201.27
CC(C)c1ccccc1NC(=O)Cc2coc3ccc4ccccc4c23,178.34
COC(=O)c1c(C)[nH]c(C(=O)OCC(=O)NC(C)C(C)C)c1C,186.27
CN(C1CCCC1)C(=O)Cc2c(C)[nH]c3ccc(F)cc23,171.58
O=C(CN1CCc2sccc2C1C3CC3)Nc4ccc(cc4)N5CCCC5,194.66
CC(NC(=O)CSc1nnc(Cc2sccc2)n1c3ccccc3)c4ccc5OCCOc5c4,219.72
Nn1c(SCc2ccc(cc2)c3ccccc3)nnc1c4cccc(Cl)c4,188.03
O=C(N1CCN(CC1)Cc2sc3ccccc3n2)c4ccc(COc5ccccc5)cc4,218.12
COc1ccc(cc1)n2nnnc2SCC(=O)c3[nH]ccc3,172.92
COc1cccc(CNC(=O)c2cc(OC)ccc2Br)c1,173.62
Cc1onc(OCC(=O)Nc2ccc(C)c(c2)[S](=O)(=O)N3CCCCC3)c1,189.11
CN(C)CC(NC(=O)CC1CC2CCC1C2)c3ccccc3,180.89
Cc1sc2N=CN(CC(=O)NCC#C)C(=O)c2c1C,165.92
Cc1ccc(cc1)[S](=O)(=O)Cc2scc(n2)c3ccc4CCCc4c3,192.15
COc1ccc(CC(=O)NCC2COc3ccccc3O2)cc1,174
CC(=O)N1CCN(CC1)C(=O)CN2C(=O)NC3(CCCCC3)C2=O,177.14
Fc1ccccc1OCCSc2nnc(n2Cc3ccccc3)c4ccncc4,196.09
O=C(C1CCCN(C1)[S](=O)(=O)c2ccccc2c3ccccc3)N4CCOCC4,193.82
CCC(CC)c1sc(NC(=O)COc2ccccc2c3ccccc3)nn1,194.35
CCN(C(=O)c1ccc(OC(F)F)cc1)C2=C(N)N(Cc3ccccc3)C(=O)NC2=O,200.91
COc1cc(NC(=O)CN2C(=O)C(=O)N(Cc3ccccc3)c4ccc(Cl)cc24)cc(OC)c1,216.17
COc1cc(CN(C2CC2)C(=O)CCN3N=Nc4ccccc4C3=O)ccc1OC(F)F,201.13
OC(COc1ccc(Cl)cc1Cl)Cn2nnc(n2)c3cccc(Cl)c3,186.64
CN1CCN(C(C1)c2ccccc2)C(=O)Nc3ccc(nc3)N4CCCC4,197.34
COCCCNC(=O)CSc1cc(C(=O)NC2CC2)c3ccccc3n1,199.32
Fc1ccc(cc1)C2CN(CCO2)Cc3cc(on3)c4sccc4,185.55
Clc1cc(ccc1OCC(=O)N2CCC(CC2)C(=O)N3CCCCCC3)c4ccccc4,213.51
Fc1ccc(cc1F)C(=O)NCc2ccccc2c3ccc(CN4CCCC4=O)cc3,193.41
Cc1cccc(C)c1NC(=O)CNc2cccc(c2)C#N,173.36
C[S](=O)(=O)N1CCCC1C(=O)Nc2ccc(cc2)[S](=O)(=O)N3CCCCCC3,204.52
CCN(CC)[S](=O)(=O)c1cccc(c1)C(=O)NC(C(C)C)C(=O)NCCc2ccccn2,206.74
O=C(CCC(=O)c1ccc2CCCCc2c1)NCCc3ccc4OCCOc4c3,202.02
Cc1ccc(CC(=O)NCc2nnc3nc(C)cc(C)n23)cc1,179.65
CN1C(=O)N(C)c2ncn(Cc3ccc(Cl)c(Cl)c3)c2C1=O,178.02
O=C(CN1C(=O)N(Cc2ccccc2)c3ncn(Cc4ccccc4)c3C1=O)NC5CC5,207.75
CCNC(=O)COc1ccc(NC(=O)NC2CCCCCCC2)cc1,199.32
CCC1(NC(=O)N(CC(=O)NC(C)C23CC4CC(CC(C4)C2)C3)C1=O)c5ccccc5,210.76
CCn1c2ccccc2c3nnc(SCCC(=O)OC)nc13,171.83
COc1ccc(cc1)C2CC(=NN2C(=O)CCC(=O)N3CCN(CC3)c4ncccn4)c5ccccc5,234.17
CCN(CC(=O)Nc1ccc(OC)cc1)CC(=O)Nc2ccccc2C,190.71
O=C(C(Sc1nnc(N2CCOCC2)n1Cc3ccccc3)c4ccccc4)N5CCCC5,210.4
Fc1ccccc1CN(C2CC2)C(=O)CSc3oc(nn3)c4ccccc4Br,197.23
CCCCN(C(C)CC)C(=O)CN1C(=O)NC(Cc2ccccc2)(C1=O)c3ccccc3,203.67
O=C(COC(=O)c1cccnc1N2CCCC2)N(C3CCCC3)C4CC[S](=O)(=O)C4,204.69
Cc1ccc(cc1)c2cc(NC(=O)CN3CC(Oc4ccccc34)C(=O)N5CCOCC5)on2,213.56
COc1cc(C=CC(O)=O)cc(OC)c1OC,147.7
CC(O)CNc1ncnc2scc(c3ccccc3)c12,164.29
O=C(N1CCN(CC1)c2ncccn2)c3sc4nc5sccn5c4c3,182.82
COc1ccc(CNC(=O)CCc2c(C)nc3ncnn3c2C)cc1OC,174.39
CCC1=NN2C(=O)C=C(CSc3oc(nn3)c4ccc5OCOc5c4)N=C2S1,199.17
O=C(NC1=NCCS1)c2cn(nc2c3sccc3)c4ccccc4,184
Cc1ccc(cc1)N2CC(CC2=O)c3nc4ccccc4n3CC(=O)N5CCCCC5,209.2
O=C(COc1ccccc1c2ccccc2)Nc3ccc4OCCCOc4c3,191.04
CC(=O)c1ccc(OCc2coc(n2)c3sccc3)cc1,171.73
CC(C)C(NC(C)C(=O)Nc1c(C)cccc1C)c2ccccc2,179.01
CN1N(C(=O)C(=C1C)NC(=O)CCCOc2ccc(F)cc2)c3ccccc3,190.24
CC1(NC(=O)N(CC(=O)c2ccc3CCCCc3c2)C1=O)c4ccccc4,193.34
Cc1cccc(NC(=O)Cc2cccc(F)c2)c1C,160.89
CN1N(C(=O)C(=C1C)NC(=O)CNCc2ccccc2Cl)c3ccccc3,189.22
CC(NC(=O)CC1=NN(C)C(=O)c2ccccc12)c3ccc(F)cc3F,181.8
CC(Sc1ncnc2cc(sc12)c3ccc(F)cc3)C(=O)N4CCN(CC4)C(=O)c5occc5,220.32
O=C(Nc1ccccc1)Nc2ccc(cc2)[S](=O)(=O)Nc3ncccn3,195.53
COc1ccc(cc1)N2CCN(CC2)C(C(=O)N3CCCC3)c4ccccc4,200.45
CC(OC(=O)c1ccccc1Cl)C(=O)N2CCc3ccccc23,175.73
Cc1nn(C2CC[S](=O)(=O)C2)c(Cl)c1C3Nc4ccccc4C(=O)N3Cc5occc5,219.32
CCN(CC(=O)NC(C)C)C(=O)c1ccc2ccccc2n1,171.55
COc1cccc(OC)c1OCC(=O)Nc2ccc(cc2)c3ccccc3,194.72
CCOc1ccc(Br)cc1[S](=O)(=O)N2CCN(CC2)c3ncccn3,186.89
CCC(C)c1ccc(NC(=O)CN(C)CC(=O)Nc2c(C)cccc2C)cc1,203.68
CN(C)c1ccc(CNC(=O)C2CC(=O)Nc3ccccc23)cc1,173.82
O=C(CNC(=O)Cc1cccc2ccccc12)NCCOc3ccccc3,194.57
CCN(Cc1sc(Cl)cc1)C(=O)CN2C(=O)NC3(CCOc4ccccc34)C2=O,196.3
CN(Cc1oc(cc1)c2ccc(Br)cc2)C(=O)Cc3cscc3,187.81
Nc1sc(SCc2ccc(cc2)c3ccccc3C#N)nn1,169.53
Cn1c(C)cc(c1C)C(=O)COC(=O)c2c(F)cccc2F,169.37
O=C(CN(Cc1occc1)Cc2occc2)N3CCN(CC3)c4ccccc4,195.05
Cc1cc(on1)C(=O)Nc2ccc(I)cc2,161.16
O=C(NC1CCCCCC1)C(=Cc2occc2)n3nnnc3c4ccccc4,196.47
CCOc1ccc(cc1)C2CC(=NN2[S](C)(=O)=O)c3ccc(OC)c(OC)c3,199.81
CSCCC(NC(=O)c1ccc(Cl)cc1Cl)C(=O)N2CCc3[nH]c4ccccc4c3C2,210.63
O=C(CCC(=O)c1ccc2CCCc2c1)N3CCc4sccc4C3,188.93
CNC(=O)CN1CCN(CC1)C(=O)c2[nH]c3ccc(C)cc3c2,185.43
CCCC(NC(=O)CSc1nnc(n1C2CC2)c3sccc3)c4ccccc4,204.6
CN(CC(=O)Nc1ccc(F)cc1)C(=O)CSc2oc(nn2)c3ccccc3Br,199.48
CC(CCc1ccccc1)NC(=O)C2CCN(CC2)c3ccc(Cl)nn3,184.83
CCSc1sc(NC(=O)[C@@H](NC(=O)c2ccccc2Br)C(C)C)nn1,195.91
CCN(CC(=O)Nc1ccccc1OC)CC(=O)Nc2c(C)cccc2C,195.81
COC(=O)c1c(CC(C)C)csc1NC(=O)CCN2C(=O)CCC2=O,192.18
Clc1ccccc1COc2ccccc2C(=O)N3CCN(CC3)C(=O)c4occc4,197.12
Cn1ncc(c1NC(=O)CN2C(=O)N(C)c3ccccc23)c4onc(n4)C5CC5,192.01
COCCn1cnc2N(Cc3ccccc3)C(=O)N(CC#N)C(=O)c12,178.27
CCN(Cc1ccc(cc1)N(C)C)C(=O)c2cccc(NC(C)=O)c2,175.01
CC(=O)Nc1ccc(cc1)C2=NN(C(C2)c3ccc4OCOc4c3)C(C)=O,192.97
CCOc1ccccc1NC(=O)Cc2ccc(Cl)c(Cl)c2,172.67
CC1=C(Oc2ccccc2C1=O)c3ccc(cc3)C#N,163.66
Cc1csc(SCC(=O)N(CCC#N)c2cccc(Cl)c2)n1,176.08
O=[S](=O)(N1CCN(CC1)Cc2ccccc2)c3ccc(SCc4cn5ccccc5n4)nc3,215.56
COCCN1C(=O)c2ccccc2N=C1SCc3ccc(Br)cc3,180.68
O=C(CN1C(=O)NC2(CCCc3ccccc23)C1=O)NCC4CCCCC4,197.35
NC(=O)COc1cccc(NC(=O)c2ccccc2c3ccc(cc3)C(F)(F)F)c1,190.54
SC1=Nc2ccccc2C(=O)N1CCC(=O)NC3=NCCS3,176.11
CCN1C(=Nc2ncccc2C1=O)S,140.67
COC(=O)c1cccc(NC(=O)c2ccc3CCCc3c2)c1,178.03
COc1ccc(cc1)C2CCCCCN2C(=O)c3ccc(cc3)n4cccn4,194.58
Clc1cc(ccc1OCC(=O)NC2=NCCS2)c3ccccc3,184.89
s1c(cc2c1ncnc2n3nnc(n3)c4cccnc4)c5ccccc5,195.7
O=C(CSc1oc(Cc2ccccc2)nn1)N3CCCC3c4ccc5OCCCOc5c4,213.16
CC1CCCCN1C(=O)CSc2nnc(n2c3ccc(C)cc3C)c4cccnc4,208.85
CSc1ncc(n1c2ccccc2)C(=O)N(C)Cc3ccc4OCOc4c3,187.63
O=C1NC(=Nc2ccccc12)CN(CC3CCCO3)C(=O)c4cnn(n4)c5ccccc5,204.26
CC(NC(=O)CCc1ccc2OCOc2c1)c3ccc(cc3)n4cncn4,185.24
CCn1c(SCc2ccc(OC)c(F)c2)nnc1c3ccoc3C,177.98
Cc1ccc(CNC(=O)N(CCO)C2CC2)cc1F,164.61
O=C(CN1C(=O)CC2(CCCCC2)C1=O)NC(Cc3ccccc3)c4ccccc4,200.22
CCc1ccc(cc1)C(=O)NCc2ccccc2CN3CCOCC3,186.72
O=C(Nc1ccccc1C(=O)OCc2oc(nn2)c3ccccc3)c4occc4,189.2
CC(N1CCN(CC1)c2ccccc2C)c3oc(nn3)c4ccccc4,185.41
COc1ccc(CC(O)=O)cc1[S](=O)(=O)Nc2ccccc2c3ccccc3,186.19
O=C(C(Sc1oc(nn1)c2sccc2)c3ccccc3)N4CCCCC4,189.92
CC1N(C(=O)N(CC(=O)c2cccc(Cl)c2)C1=O)c3ccc(F)cc3,183.06
Clc1ccccc1OCc2nnc(SCC(=O)N3CCCC3)n2C4CC4,193.55
CC(C)N(C(C)C)C(=O)CSc1nnc(n1C2CC2)c3cccnc3,190.43
Cn1ccnc1C(N[S](=O)(=O)c2ccc(Br)cc2)c3ccc(F)cc3,186.77
COc1cc(CC(=O)Nc2cc(ccc2N3CCCC3)[S](=O)(=O)N4CCOCC4)cc(OC)c1OC,224.24
CC1CC(CC(C)(C)C1)Nc2ncnc3[nH]cnc23,170.15
CCC(=O)N1N=C(CC1c2ccccc2O)c3ccc(OC)cc3,180.1
CC(Sc1nnc(n1CC=C)c2ccncc2)C(=O)NCC(=O)Nc3ccc(F)c(F)c3F,197.63
Fc1ccc(cc1)c2oc(CN3CCN(CC3)c4ncccn4)nc2,187.02
CC(C)NC(=O)CC1Sc2ccc(cc2NC1=O)C(F)(F)F,175.1
CCOC(=O)NC(C(C)C)C(=O)NCCc1ccccc1,171.34
CN1C(=O)N(C)c2ncn(CC(=O)c3ccccc3)c2C1=O,170.73
CN(C)Cc1ccc(cc1)c2ccccc2CNC(=O)c3ccc4OCCc4c3,192.31
COc1ccc(CN2CCN(CC2)C(=O)c3ccccc3Nc4ccc(F)cc4)cc1OC,209.82
NC(=O)C1CCCN1c2nc(nc3scc(c4ccccc4)c23)c5cccnc5,196.84
Cc1ccc(SCC(=O)NC(=O)Nc2ccc3OCCOc3c2)cc1C,183.48
COc1ccc(cc1OC)C(=O)NCC(=O)NC(c2ccccc2)c3ccccc3,210.88
Cc1ccc(cc1[S](=O)(=O)N2CCOCC2)C(=O)Nc3ccc(cc3)c4ccccc4,217.02
O=C(CCc1ccc2OCOc2c1)N3CCC(CC3)c4c[nH]c5ccccc45,196.82
CCCN(CC1CC1)C(=O)CSc2nnc(n2CC3CCCO3)c4c[nH]c5ccccc45,213.55
Cc1ccc(cc1)n2c(SCC(=O)N3CCN(CC3)c4ccccn4)nnc2N5CCOCC5,216.19
COC(=O)c1cc(CNC(=O)NC(C)c2sccc2)ccc1OC,181.91
CN(Cc1ccc(Br)cc1)C(=O)CSc2[nH]c(nn2)C3CCCC3,191.98
O=C1CN(C(=O)CSc2ncnc3ccccc23)c4ccccc4N1,180.38
CCc1ccc(NC(=O)CCNC(=O)C2CCCC2)cc1,179.39
Cc1ccccc1OCC(=O)N2CCN(CC2)c3ncc(cc3Cl)C(F)(F)F,196.61
Clc1oc(cc1)C(=O)N2CCN(CC2)c3cccc(Cl)c3,178.58
FC(F)n1ccnc1CSc2sc(NCc3occc3)nn2,176.39
CCOC(=O)c1ccccc1NC(=O)COC(=O)C(N[S](=O)(=O)c2ccc(F)cc2)C(C)O,215.44
CC(Sc1nnc(C2CC2)n1C3CC3)C(=O)NCC4CCCO4,184.39
Oc1ccc(cc1)N2CCN(CC2)C(=O)CSc3nnc(C4CC4)n3c5ccccc5,204.32
Cc1ccc(cc1C(=O)N(Cc2ccccc2F)C3CC3)[S](N)(=O)=O,183.07
O=C(CN1C(=O)N(Cc2ccccc2)c3ncn(Cc4ccccc4)c3C1=O)NCc5occc5,217.11
COc1ccc(cc1)N(Cc2cc(on2)c3occc3)[S](=O)(=O)c4ccc5OCCOc5c4,208.59
COc1ccc(cc1)C2(NC(=O)N(CN(C)Cc3ccccc3)C2=O)c4ccc(OC)cc4,207.67
CCC1(NC(=O)N(CC(=O)Nc2ccc(OC)c(OC)c2)C1=O)c3ccccc3,197.8
O=C(N1CCCCC1c2sc3ccccc3n2)c4cccc(c4)[S](=O)(=O)N5CCCC5,211.51
Cc1oc(nc1CC(=O)N2CCCC2c3ccc4OCCOc4c3)c5ccccc5,201.69
COc1ccc(cc1OC)c2scc(CN(CC3CCCO3)Cc4sccc4)n2,203.57
O=C(Nc1ccccc1)c2ccccc2OCc3nnnn3c4ccccc4,193.77
CCOC(=O)c1cccnc1N2CCN(CC2)Cc3ccccc3C,182.93
O=C1CCCN1c2ccc(CNC(=O)c3ccccc3N4CCCC4=O)cc2,182.98
CCC1(NC(=O)N(Cc2cccc3ccccc23)C1=O)c4ccccc4,179.42
Cc1onc(c2ccccc2)c1C(=O)NC3CCCCCC3,173.36
CN(Cc1cnn(Cc2ccccc2)c1)C(=O)C=Cc3cnn(c3)c4ccccc4,215.69
NCCCCOCC(F)(F)F,132.52
CC1CCCC(NC(=O)COC(=O)C23CC4CC(CC(Cl)(C4)C2)C3)C1C,201.28
Fc1ccccc1CN(C2CC2)C(=O)CCNC(=O)c3ccccc3,181.47
Clc1ccc2SC(CC(=O)NCCCOCC3CC3)C(=O)Nc2c1,187.62
O=C(N1CCC(CC1)CN2CCOCC2)c3cc(nc4ccccc34)c5sccc5,203.52
Cc1ccc(cc1)[S](=O)(=O)N2CCCCC2C(=O)Nc3ccccc3C(=O)NC4CC4,205.69
Cc1onc(C)c1[S](=O)(=O)N2CCC(CC2)C(=O)NC3CCCCCC3,192.51
Cc1cccc(c1)n2c(C)nnc2SCCO,156.44
CCN(CC)C(=O)C(N)Cc1ccccc1,152.84
Clc1ccccc1C(=O)NCC(=O)N2CCc3sccc3C2,178.39
Oc1cccc(c1)C(=O)NCc2ccccc2,155.78
O=C1CC(CN1C2CCCC2)C(=O)Nc3ccccc3c4sc5ccccc5n4,192.22
CC(NC(=O)CN1C(=O)NC(C)(C2CC2)C1=O)C34CC5CC(CC(C5)C3)C4,195.84
CN(CC1=Nc2scc(c3ccccc3)c2C(=O)N1)Cc4sccc4C,193.27
CN(CC(=O)NCC=C)CC(=O)Nc1ccc(Cl)cc1,178.18
COc1ccc(OC)c(c1)C2CCCN2C(=O)CSc3oc(Cc4ccccc4)nn3,209.63
CC1(NC(=O)N(CC(=O)NCCc2ccc(F)cc2)C1=O)c3cccc4ccccc34,199.45
O=C(C(Sc1ccccc1)c2ccccc2)N3CCN(CC3)[S](=O)(=O)N4CCCC4,201.95
Cc1nn(c(C)c1C(=O)Oc2ccc(cc2)n3cnnn3)c4ccc(F)cc4,200.1
Clc1cccc(c1)n2c(SC3CCOC3=O)nnc2N4CCCC4,182.01
CN(c1ccc(cc1)c2csc(n2)N3CCCCC3)[S](C)(=O)=O,188.7
FC(F)(F)c1cccc(c1)c2nnn(CC(=O)NC3CC3)n2,173.77
Cc1c(sc2ncnc(Sc3oc(CN4CCCC4=O)nn3)c12)c5ccccc5,195.91
Nc1nccnc1C(=O)OCC(=O)Nc2ccc(cc2)c3ccccc3,189.5
CN(Cc1cscc1)C(=O)CSc2nnc(c3ccccc3)c(n2)c4ccccc4,207.6
CN(Cc1ccc(cc1)N2CCOCC2)C(=O)Cn3nnc(COc4ccccc4)n3,188.96
COc1cc(C)ccc1OCC(=O)NCc2ccccc2,172.71
Fc1ccc(CN2C=C(C=CC2=O)[S](=O)(=O)N3CCCC3)cc1,177.04
C=CCN1C(=O)c2ccccc2n3c(SCCN4CCCCC4)nnc13,185.81
O=C(Nc1ccc(cc1)[S](=O)(=O)N2CCOCC2)[C@@H]3CCCN3C(=O)c4sccc4,214.22
Brc1oc(cc1)C(=O)N2N=C(CC2c3occc3)c4occc4,175.04
Cc1scc(COc2ccccc2C(=O)Nc3ccc(cc3)[S](=O)(=O)N4CCCC4)n1,213.81
CN(CCOc1cccc(C)c1)C(=O)c2oc3ccccc3c2,179.66
Cc1cc(C)cc(c1)C(=O)NCC(=O)N2CCc3ccccc3C2,188.18
COC(=O)c1ccccc1NC(=O)CN2C=Nc3cc(Cl)ccc3C2=O,191.16
Clc1ccc(cc1[S](=O)(=O)N2CCOCC2)C(=O)Nc3ccnn3Cc4ccccn4,210.09
CCOc1ccccc1c2scc(CC(=O)NCc3ccc(Cl)cc3)n2,195.11
Cn1c(SCC(=O)N2CCN(CC2)[S](=O)(=O)c3ccc4CCCCc4c3)nnc1C5CC5,210.71
Cn1c(C)cc(C(=O)COC(=O)c2ccc(CN3CCCC3=O)cc2)c1C,202.31
CCOC(=O)C1=C(C)NC(=O)NC1c2ccc(F)cc2,166.38
CCCCN1C(=O)NC(=O)C(=C1N)N(Cc2occc2)C(=O)C(C)C,168.63
CNC(=O)NC(=O)C(C)n1cnc2N(C)C(=O)N(C)C(=O)c12,166.83
Fc1ccc(cc1[S](=O)(=O)N2CCOCC2)C(=O)N(c3ccccc3)c4ccccn4,200.65
CCC1(NC(=O)N(Cc2ccc(F)cc2)C1=O)c3ccc(F)cc3,174.46
FC(F)(F)c1[nH]c2cc(ccc2n1)C(NC(=O)C3CN(C4CC4)C(=O)C3)c5ccccc5,197.08
CN(Cc1cccc(Cl)c1)C(=O)COC(=O)c2ccccc2NC(=O)c3occc3,196.41
Cc1cccc(N2CC(CC2=O)C(=O)N3CCN(CC3)c4sccn4)c1C,181.06
CN(Cc1cscc1)C(=O)CSc2nnc(n2Cc3occc3)c4ccc(Cl)cc4,207.44
CC(CCc1ccccc1)NC(=O)CSc2nnc(n2c3ccccc3)c4cccnc4,209.44
COc1ccc(CN2CCN(CC2)C(C)C(=O)Nc3ccccc3c4ccccc4)cc1OC,207.72
CSc1ncccc1C(=O)NNC(=O)c2cccc(Cl)c2,178.86
CCN1C(=Nc2c(C)cccc2C1=O)S,150.11
NC(=O)c1c2CCCc2sc1NC(=O)c3ccc(Cl)cc3,173.5
CC(Sc1nc2ccccc2c3nc(C)nn13)C(=O)NCC4CCCO4,186.77
O=C(NCc1ccccn1)C2(CCCC2)[S](=O)(=O)c3ccccc3,176.81
O=C(CSc1nnc(n1c2ccccc2)c3occc3)c4ccc5OCOc5c4,196.26
CN1N=C(C(=O)NC23CC4CC(CC(C4)C2)C3)c5ccccc5C1=O,189.55
Fc1ccccc1CN2C=CSC2=NC(=O)c3oc(C[S](=O)(=O)c4ccccc4)cc3,197.38
O=C(CN1C(=O)NC2(CCOc3ccccc23)C1=O)Nc4ccc(cc4)[S](=O)(=O)N5CCCCC5,224.35
O=C(CN1C(=O)NC2(CCOc3ccccc23)C1=O)c4[nH]ccc4,175.76
CCOc1cc(CNCc2ccc(cc2)[S](=O)(=O)N3CCOCC3)ccc1OC(F)F,218.34
CN(Cc1cn(nc1c2ccc(Cl)cc2)c3ccccc3)C(=O)CCc4onc(n4)c5ccncc5,208.88
COc1ccc(cc1Br)C(=O)NCc2ccc3OCOc3c2,179.66
CC(C)Cn1cnc2N(Cc3ccccc3)C(=O)N(CC(=O)NCCc4ccc(F)cc4)C(=O)c12,204.48
CCn1c(SCc2oc(nn2)c3ccccc3)nc4cc(ccc14)[S](=O)(=O)N5CCOCC5,225.31
CCOc1ccc(cc1OC)C2NC(=O)NC(=C2C(=O)OCCOC)C,193.46
CC1(CC[S](=O)(=O)C1)NC(=O)CN2C=C(C=CC2=O)C(F)(F)F,172.89
CCn1nnnc1SCc2ccc(cc2F)C#N,159.42
CC1CN(CC(C)O1)C(C)c2onc(n2)c3sccc3,169.22
CCOc1cc(ccc1OCc2ccncc2)C(=O)N3CCN(CC3)c4cnccn4,193.69
COCCCNC(=O)c1c(NC(=O)c2ccncc2)sc3CCCCc13,201.72
COc1ccccc1CC(=O)NCCc2ccc(OC(F)F)cc2,173.26
CN(CC(=O)Nc1ccc(C)cc1)CC(=O)Nc2ccccc2C(C)=O,195.42
CCN(Cc1ccccc1)C(=O)Cc2c[nH]c3ccccc23,172.33
COc1ccc(CN(C)C(=O)CN2C=CSC2=N)cc1OC,170.54
CC(C)n1ncc2cc(c(C)nc12)C(=O)OCCO,164.09
CCOC(=O)C1=C(C)N(C)C(=O)NC1c2ccc(OC)c(OC(F)F)c2,184.61
COc1ccc(cc1)N(Cc2sccc2)C(=O)CN3CCN(CC3)c4ccccn4,206.61
COCc1c(oc2ccccc12)C(=O)NCC3(CCCCC3)N4CCCCC4,196.04
CN(Cc1cnn(Cc2ccccc2)c1)[S](=O)(=O)c3ccc(cc3)N4CCCC4=O,191.99
COc1ccc(cc1)C2(NC(=O)N(CN3CCCC(C)C3)C2=O)c4ccc(OC)cc4,200.45
NC(=O)c1cccc(NC(=O)CCc2sc3ccccc3n2)c1,180.5
CC1CCCCN1C(=O)c2ccc(cc2)[S](=O)(=O)N3CCCCCC3,197.5
Clc1ccc(N2CCOCC2)c(NC(=O)c3cccc(c3)[S](=O)(=O)N4CCc5ccccc45)c1,212.17
Clc1ccc(cc1Cl)n2c(SC(C(=O)NC3CC3)c4ccccc4)nnc2c5ccncc5,224.8
CCCN(Cc1oc(nn1)c2occc2)C(=O)c3nn(nc3C)c4ccccc4,199.87
COc1cc(cc(Cl)c1OC)C(=O)NCc2ccc(CN3CCOCC3)cc2,206.35
O=C(CSc1ccccc1C(=O)Nc2ccc(cc2)N3CCCCC3)N4CCCC4,213.31
OC(CNc1cccc(Cl)c1)CN2c3ccccc3Sc4ccccc24,187.18
C(Cc1sccc1)n2nnnc2SCc3oc(nn3)c4ccccc4,184.19
CCc1ccccc1NC(=O)CN(C)C(=O)CC2Sc3ccccc3NC2=O,194.63
CCCCN1C(=O)NC(=O)c2n(CCOC)c(nc12)c3ccc4OCCOc4c3,199.38
Cc1sc(C)c(c1)[S](=O)(=O)N2CCN(CC2)[S](=O)(=O)c3sc(Cl)cc3,191.31
CONC(=O)Cc1ccc(OCc2c(C)onc2C)cc1,161.18
CSc1ccccc1NC(=O)CN(C)CC(=O)Nc2c(F)cccc2F,188.98
COc1ccccc1NC(=O)CNC(C)(C)C,160.49
CCN(CC)[S](=O)(=O)c1cc(NC(=O)c2sccc2)ccc1C,177.58
O=C(N1CCCC(C1)c2nnc3CCCn23)c4ccc(cc4)[S](=O)(=O)N5CCOCC5,215.99
CCONC(=O)N1CCN(CC1)[S](=O)(=O)c2c(Cl)cc(Br)cc2Cl,187.44
O=C(CSc1oc(nn1)C2COc3ccccc3O2)N4CCC(=N4)c5ccccc5,206.32
CCN(CC)c1cc(C)nc2ncnn12,145.94
CC(=O)OCCNC(=O)c1sc2n(nc(C)c2c1)c3ccccc3,185.57
Cc1oc(cc1)c2csc(NC(=O)c3cnccn3)n2,144.19
COC(=O)c1c(C)[nH]c(C(=O)NCC23CC4CC(CC(C4)C2)C3)c1C,191.47
CCCC(C)NC(=O)CN1C=Nc2sccc2C1=O,171.13
O=C(CSc1oc(nn1)C2CC2)N3CCN(CC3)[S](=O)(=O)c4ccc5OCCCOc5c4,210.66
O=C1CC(CN1c2ccc3OCCOc3c2)c4onc(n4)c5ccccc5,190.55
OCCCN1C(=O)c2ccccc2N=C1SCc3ccc(F)cc3,174.32
CCCN(C1CC[S](=O)(=O)C1)[S](=O)(=O)c2ccc3OCCOc3c2,179.26
O=C(CSc1nnc(C2CC2)n1Cc3ccccc3)N4CCN(CC4)[S](=O)(=O)c5ccccc5,208.24
O=C(Cc1c[nH]c2ccccc12)NCCc3occc3,165.1
Cn1nc(C)c(c1C)[S](=O)(=O)Nc2cc(F)ccc2C,165.14
OC1CCCN(C1)C(=O)c2ccc(cc2)c3ccccc3,172
O=C(CN1CCN(CC1)c2ccccc2)N(Cc3sccc3)C4CC[S](=O)(=O)C4,206.63
Clc1ccc(cc1[S](=O)(=O)N2CCOCC2)C(=O)N3CCC(CC3)c4nnc5ccccn45,207
CC(C)c1ccc(NC(=O)C2CN(C3CC3)C(=O)C2)cc1,176.13
Brc1c(NC2=NCCN2)ccc3nccnc13,156.86
CN(C)Cc1ccccc1CNC(=O)c2cc(nn2c3ccccc3)C4CC4,202.27
Cc1onc(NC(=O)COC(=O)c2ccccc2c3ccc(cc3)C(F)(F)F)c1,182.07
Cc1ccc(cc1F)C(=O)N2CCN(CC2)Cc3csc(n3)c4ccccn4,190.81
Cc1cccc(C)c1OCCN2C(=O)NC3(CCCC3)C2=O,173.85
Cc1ccc(cc1Cl)N2CC(CC2=O)c3onc(n3)c4ccc5OCOc5c4,197.48
COc1cc(NC(=O)c2cc(O)nc3ccccc23)cc(OC)c1OC,182.7
CC(Sc1nnc(Cc2sccc2)n1C)C(=O)c3ccc(Br)cc3,192.56
COC(=O)CNc1ccc(cc1)c2nnnn2C3CC3,166.71
COc1ccc(C2Nc3ccccc3C(=O)N2C4CC4)c(C(O)=O)c1OC,181.37
CN(C)C(=O)CN(C)C(=O)CN1C(=O)N(Cc2ccccc2)c3ncn(Cc4occc4)c3C1=O,214.48
CN(C1CCCCC1)c2ccc(cc2[N+]([O-])=O)[S](=O)(=O)N3CCCC3,191.14
COc1ccc(CSc2nnc(C)n2c3ccc(C)cc3)cc1F,183.79
CN(C)[S](=O)(=O)c1ccc(NC(=O)Cc2ccc(F)cc2)cc1,181.97
O=C(N1CCCCC1)N2CCN(CC2)C(=O)c3cccc(c3)[S](=O)(=O)N4CCc5ccccc45,208.81
COc1cccc(c1)N2CCN(CC2)C(=O)c3cccc(Cl)c3,184.71
O=C(CN1CCCC1=O)Nc2ccc(Oc3ccccc3)cc2,179.1
Brc1sc(cc1)C=C(C#N)c2nnc3CCCCCn23,173.16
COc1cc(C)c(CN2CCN(CC2)[S](=O)(=O)c3sc(Cl)cc3)cc1OC,203.39
Cc1ccc(cc1NC(=O)CNc2ccccc2c3ccccc3)[S](=O)(=O)N4CCOCC4,209.97
Fc1ccccc1c2oc(C=CC(=O)N(CC3CCCO3)C4CC[S](=O)(=O)C4)cc2,205.58
NC(=O)C1CN(C(=O)c2cccc(OC(F)F)c2)c3ccccc3O1,173.22
COCCNC(=O)CCC(=O)N1N=C(CC1c2ccc(OC)cc2)c3ccccc3,211.26
Fc1ccc(CNC(=O)CSc2nnc(n2Cc3occc3)c4cccnc4)cc1,203.6
CN(C)C(=O)c1sc(Nc2cccc(c2)C(F)(F)F)nc1C,177.55
COc1ccc(CN2CCN(CC2)C(=O)c3cc(Cl)ccc3F)c(OC)c1OC,203.99
O=C(NC1CCCCC1)c2c3CCCc3nc4ccccc24,178.12
COc1ccc(CN(C2CC2)C(=O)C3CCN(CC3)C(=O)c4ccc(Cl)cc4)cc1,199.45
COc1ccc(CNC(=O)c2ccc3ccccc3n2)cc1OC,186.22
Cc1ccc(cc1)C2(C)NC(=O)N(CC(=O)NCc3ccccc3)C2=O,190.64
CN1C(=O)N(C)c2ncn(CC(=O)OCC(=O)OC(C)(C)C)c2C1=O,187.52
COc1ccc(Cl)cc1C(=O)NCC2(CCCCC2)N3CCOCC3,185.65
O=C(CN1N=NN(C1=O)c2ccccc2)N(Cc3occc3)C4=CCCCC4,192.66
CC(C)CCN1C(=O)c2ccccc2N3C(=S)N(CN(C)Cc4ccccc4)N=C13,208.64
CCc1cccc(C)c1NC(=O)CNCc2ccccc2,173.79
CC[S](=O)(=O)N1Cc2ccccc2CC1C(=O)N(C)Cc3ccc(Cl)cc3,193.05
CC(Sc1nnc(n1C2CC2)c3cccnc3)C(=O)N4CCN(CC4)c5ccccc5,204.68
COc1ccc(cc1)c2nn(cc2CNCCCOC(C)C)c3ccccc3,199.16
Clc1ccccc1c2oc(cc2)C(=O)NCc3nncn3c4ccccc4,191.57
FC(F)[S](=O)(=O)c1ccc(NC(=O)c2ccccc2F)cc1,173.16
Fc1ccc(N[S](=O)(=O)c2ccccc2F)c(F)c1,150.78
Cc1ccccc1CNC(=O)CSC2=Nc3ccsc3C(=O)N2CC=C,194.55
COCCCN1C(c2cccc(OC)c2)C(=C(O)C1=O)C(=O)c3ccc(F)cc3,192.4
CCOCCCNC(=O)c1sc(Br)c(Br)c1,164.22
Fc1ccc(F)c(c1)[S](=O)(=O)N2CCN(CC2)C(=O)C(c3ccccc3)c4ccccc4,205.18
CN(CC(=O)N1CCCC(C1)c2sc3ccccc3n2)Cc4cnn(c4)c5ccccc5,207.5
COc1ccc(OC)c(NC(=O)COc2cc(C)on2)c1,168.25
CC(N[S](=O)(=O)c1c(C)onc1C)c2ccc(cc2)c3ccccc3,181.46
O=C(CSc1nnc(Cc2sccc2)n1c3ccccc3)NCC4CCCO4,201.36
Fc1cccc(NC(=O)c2ccccc2SCC(=O)NCc3occc3)c1,193.15
COc1ccc(cc1)N2CCN(CC2)C(=O)CSc3nnc(C4CC4)n3c5ccccc5,208.75
CCCN[S](=O)(=O)c1cccc(Cl)c1,150.29
C[S](=O)(=O)CCC(NC(=O)c1ccccc1Br)C(=O)NCc2ccccc2,193.83
Cc1ccccc1c2nnn(CC(=O)N3CCCC3c4ccc5OCCCOc5c4)n2,207.82
COc1cccc(C2N[S](=O)(=O)N=C3CCCCCN23)c1OC(F)F,182.16
CCCn1nnnc1CSc2nnc(n2Cc3occc3)c4ccc(Cl)cc4,196.01
Cc1ccc(OCCN2CCN(CC2)[S](=O)(=O)c3sc(Cl)cc3)cc1,195.45
Cc1ccc(CN2CC(CC2=O)C(=O)Nc3sc(SCC=C)nn3)cc1,186.92
Clc1ccc(OCC(=O)NCC2COc3ccccc3O2)c(Cl)c1,182.72
CCC(C)(C)NC(=O)COC(=O)C1=NNC(=O)c2ccccc12,176.8
Fc1ccc(cc1)c2oc(cc2)C(=O)N3CCC(CC3)C(=O)N4CCCCCC4,201.15
O=C(Cc1ccc(cc1)c2ccccc2)N3CCN(CC3)[S](=O)(=O)c4ccc5ccccc5c4,223.87
CCN(CC(=O)NCC=C)CC(=O)Nc1ccccc1C(F)(F)F,180.77
Cn1c(SCC(=O)N(C2CC[S](=O)(=O)C2)c3ccccc3)nnc1C4CC4,186.97
O=C(C(Cc1ccccc1)N[S](=O)(=O)c2ccc3ccccc3c2)N4CCOCC4,196.07
COc1cc(CSc2nc(N)cc(N)n2)ccc1OC(F)F,169.95
Cn1cnc2N(C)C(=O)N(CCCSc3sc(C)nn3)C(=O)c12,179.25
Fc1cccc(Cl)c1CN2CCN(CC2)C(=O)C3CCCN3C(=O)c4sccc4,191.7
CC(Sc1oc(nn1)c2cccc(c2)[S](=O)(=O)N3CCOCC3)C4=Nc5ccccc5C(=O)N4,227.21
Cn1c(SCC(=O)Nc2c(oc3ccccc23)C(C)=O)nnc1C(F)(F)F,189.98
Fc1ccccc1c2nnc(SCC(=O)N3CCCC3=O)n2C4CC4,183.59
COc1ccc(cc1)N2CCN(CC2)CC(=O)Nc3ccccc3N4CCOCC4,210.32
Cc1cc(C(=O)CSc2nnc3n2cc(Cl)cc3Cl)c(C)n1Cc4ccc5OCOc5c4,200.6
C1CN(CCN1Cc2cscc2)c3nc(nc4ccccc34)c5cccnc5,189.68
Fc1ccc(OC2=C(Cl)C(=O)N(N=C2)c3ccccc3)c(Cl)c1,173.63
O=C(CCNC(=O)C1CCCCC1)N2CCCC2,166.58
CC1(NC(=O)N(CC(=O)NCCc2c[nH]c3ccccc23)C1=O)C4CC4,184.44
CC[S](=O)(=O)Nc1ccc(cc1)[S](=O)(=O)Nc2nc(C)cc(C)n2,191.71
COc1ccc(cc1)N(Cc2ccccc2)[S](=O)(=O)c3cccc(c3)C(=O)NCc4ccccn4,215.01
O=C(Cc1sccc1)Nc2ccccc2c3sc4ccccc4n3,177.33
CCC(C)(C)NC(=O)CN1C(=O)C2CC=CCC2C1=O,167.46
O=C(COc1ccc(cc1)c2ocnn2)NCCc3c[nH]c4ccccc34,176.46
Cc1ccc(cc1)c2occ(CSc3nnc(CCC(N)=O)n3Cc4occc4)n2,203.4
CC(Sc1ccccc1)C(=O)N(Cc2occc2)C3=C(N)N(Cc4ccccc4)C(=O)NC3=O,204.01
COCCNC(=O)CN1C=C(C=CC1=O)C(F)(F)F,159.69
COc1ccc(cc1OC)C2CC(=NN2C(=O)CN3CCN(CC3)c4ncccn4)c5sccc5,228.18
Clc1sc(cc1)[S](=O)(=O)N2CCN(CC2)C(=O)CCc3cccnc3,181.77
Cc1nn(c(C)c1CNc2nnnn2c3ccccc3)c4ccccc4,189.59
Nc1cc(nn1CCO)c2sccc2,145.42
Cc1nc2ncnn2c(C)c1CC(=O)Nc3ccc(cc3)c4ccccc4,191.56
CC(N(C)C(=O)Cc1csc(n1)c2sccc2)c3ccc(cc3)n4cncn4,200.63
Brc1ccccc1c2oc(SCC(=O)N3CCc4ccccc4C3)nn2,194.48
COc1ccccc1NC(=O)Nc2cc(nn2c3ccccc3)C(C)(C)C,191.45
COc1ccccc1CC2(C)NC(=O)N(CN(C)Cc3cc(Br)ccc3OC)C2=O,214.62
C=CCn1c(SCc2oc(nn2)c3occc3)nnc1C4CCCCC4,190.14
O=C(CSc1nnnn1c2ccccc2)N3C(COc4ccccc34)c5ccccc5,201.66
CC(Sc1nnnn1C2CC2)C(=O)Nc3ccccc3c4ccccc4,185.86
O=C1C=CC(=CN1Cc2n3ccccc3nc2c4ccccc4)[S](=O)(=O)N5CCCC5,202.22
CN(Cc1occc1)[S](=O)(=O)c2ccc(cc2)c3ccc(NC(C)=O)cc3,205.32
Cc1onc(C)c1COC(=O)c2cc(nc3ccccc23)c4ccccc4Cl,194.36
O=C(CN1CCCC1)Nc2ccccc2C(=O)NC3CC3,174.96
O=C(NC(Cc1ccccc1)c2[nH]c3ccccc3n2)c4cccc(c4)[S](=O)(=O)N5CCOCC5,224.13
CC1(NC(=O)N(Cc2ccc(cc2)C(N)=O)C1=O)c3ccccc3,185.81
Nn1c(SCc2ccc(cc2)c3ccccc3)nnc1c4ccc(F)cc4,183.97
COc1ccc(cc1)N(Cc2sccc2)C(=O)c3cccc(c3)[S](=O)(=O)N4CCOCC4,206.84
NC1=C(N(C2CCCC2)C(=O)c3sc4cccc(F)c4c3)C(=O)NC(=O)N1Cc5ccccc5,210.75
CCN(CC)[S](=O)(=O)c1cc(C)c(C)c(NC(=O)c2sccc2)c1,184.17
Clc1ccc(cc1)c2oc(CN3CCCCC3c4sc5ccccc5n4)nn2,199.76
CNC(=O)c1cc(nc2ccccc12)c3ccc(F)cc3,167.59
O=C(Cn1c2ccccc2nc1c3cscn3)NCc4ccc(CN5CCCCC5)cc4,191.64
CC(OC(=O)c1sc2cccc(F)c2c1)C(=O)Nc3cc(C)on3,183.01
COc1ccc(cc1)N2CC(CC2=O)c3onc(n3)c4ccc5OCOc5c4,197.93
CCC1(NC(=O)N(CC(=O)Nc2cccc(Cl)c2)C1=O)c3ccccc3,190.41
CN(C)C(=O)C(Sc1nnc(n1c2ccccc2C)c3cccnc3)c4ccccc4,198.59
Sc1nnc(Cc2csc(n2)c3ccccc3)n1CC4CCCO4,181.85
CCN1C(=O)c2ccccc2N3C(=O)CCC13C(=O)Nc4ccccc4,181.82
O=C(Nc1ccc2OC3(CCCC3)Oc2c1)C4CCC=CC4,178.96
Clc1ccccc1OCC(=O)NCC2COc3ccccc3O2,174.54
O=C1NC2(CCOc3ccccc23)C(=O)N1Cc4cccc5ccccc45,181.17
CC(=O)c1ccc(OCCCC(=O)NCc2ccc(Cl)cc2)cc1,193.94
CC(NC(=O)c1ccc(cc1)[S](N)(=O)=O)c2ccc(cc2)C(F)(F)F,192.26
CN1C(=C(N2CCCCC2)C(=O)N(CC(=O)NC(c3ccccc3)c4ccccc4)C1=O)N,217.26
CN(C)CC(C)(C)CNC(=O)C1CCCN(C1)C(=O)N2CCCC2,184.57
CCn1c(SC(C(=O)NC2CC2)c3ccccc3)nnc1N4CCOCC4,193.93
Cc1cc(C)n2nc(SCC(=O)Nc3cccc(F)c3)nc2n1,180.01
CCN(Cc1sccc1)C(=O)CSc2nnc(n2C3CC3)c4ccccc4F,196.82
CC(C)COC(=O)CC1Sc2ccccc2NC1=O,165.56
O=C1C(CCc2ccccc12)=Cc3ccc4OCCOc4c3,168.49
Cc1nn(Cc2ccccc2)c(C)c1C(=O)NCC(N3CCOCC3)c4sccc4,209.02
O=C(N1CCCC1c2ccc3OCCOc3c2)c4cccc(c4)[S](=O)(=O)N5CCc6ccccc56,205.53
COc1ccc2OC=C(C3N=C(N)NC(=N3)Nc4ccc(F)cc4)C(=O)c2c1,186.59
s1ccc(c1)c2nc3ccccc3c(n2)n4ccnc4,168.26
OC(=O)c1ccccc1Nc2ccccc2,145.32
