Clc1cc(NC(=O)Nc2ccccc2)ccn1,-20.11
Oc1ccc(c(O)c1)C(=O)c2ccccc2,-22.41573236
CCCCNC(=O)N[S](=O)(=O)c1ccc(C)cc1,-15
CCCCCC(O)=O,-61.83699843
Nc1ncccc1C(O)=O,-55.70065896
CON(C)C(=O)Nc1ccc(Cl)cc1,-28.23
CCCCC(O)=O,-72.3885378
OC(=O)C(F)(F)C(F)(F)C(F)(F)C(F)(F)C(F)(F)C(F)(F)C(F)(F)F,-16.2017928
CCC(=O)O[C@@](Cc1ccccc1)([C@H](C)CN(C)C)c2ccccc2,10
Nc1c(cc(c2ccccc12)[S]([O-])(=O)=O)N=Nc3ccc(cc3)c4ccc(cc4)N=Nc5cc(c6ccccc6c5N)[S]([O-])(=O)=O,-18.62893467
Cc1ncc(CO)c(C=O)c1O,-34.7
OC(=O)[C@@H]1CCCN1,-63.7444933
N[S](=O)(=O)c1cc2c(NC(Cc3ccccc3)N[S]2(=O)=O)cc1C(F)(F)F,-2.3
NCCc1ccc(O)c(O)c1,-43.6915646
CCCCN1CCC(CC1)CNC(=O)C2=CC(=CNC2=O)Cl,-13.9
OC1(CCN(CCCC(=O)c2ccc(F)cc2)CC1)c3ccc(Cl)cc3,7.6
C(C(C(C(C(F)(F)F)(F)F)(F)F)(F)F)(C(C(C(C(F)(F)S(=O)(=O)O)(F)F)(F)F)(F)F)(F)F,1.75
CCCC[N+]1(C)[C@H]2CC(C[C@H]1[C@@H]3O[C@H]23)OC(=O)C(CO)c4ccccc4,8.7
[O-][N+](=O)NC1=NCCN1Cc2ccc(Cl)nc2,-10.43
Cc1cc(C)nc(Nc2ccccc2)n1,-1.78
C1=CC(=CC=C1C(=O)O)S(F)(F)(F)(F)F,-38.5
NCCCC[C@H](N)C(O)=O,-30.1
CCCNCC(O)COc1ccccc1C(=O)CCc2ccccc2,11.2
CCCC[C@@H](C)CCC(O)=O,-38.25477408
C1=CC(=CC=C1/C=C/C2=CC(=CC(=C2)O)O)O,-35.21252158
COc1ccc(cc1OC)C(=C\C(=O)N2CCOCC2)/c3ccc(Cl)cc3,-3.88
C(CS(=O)(=O)O)C(C(C(C(F)(F)F)(F)F)(F)F)(F)F,-15.69662488
C(C(C(C(C(C(F)(F)S(=O)(=O)O)(F)F)(F)F)(F)F)(F)F)(C(C(C(C(F)(F)F)(F)F)(F)F)(F)F)(F)F,2
O=C(N1CCCC1)c2cccc(N[S](=O)(=O)c3ccc4ccccc4c3)c2,4.3
C(C(C(C(F)(F)Cl)(F)F)(F)F)(C(C(OC(C(F)(F)S(=O)(=O)O)(F)F)(F)F)(F)F)(F)F,6.927017758
NCC(=O)N1CCCC1C(O)=O,-41.21184164
CC(=O)Nc1ccc(O)cc1,-51
NCCc1c[nH]cn1,-33
C[C@@H](C1=CC=C(C=C1)CC(C)C)C(=O)O,-28.87215552
COc1cccc(NC(=O)C=C)c1,-44.8
CNCC(O)=O,-67.94
OC(=O)[C@@H]1CCC(=O)N1,-59.38644924
CCCc1cc(O)c2C3C=C(C)CCC3C(C)(C)Oc2c1,-13.09218047
CCCN(CCOc1c(Cl)cc(Cl)cc1Cl)C(=O)n2ccnc2,-4.91
O=C(N1CCCC1)c2ccccc2N[S](=O)(=O)c3ccc4ccccc4c3,-6.9
Cc1ccc2c(ccc(O)c2n1)C#N,-33.2
Cc1ccc2c(F)ccc(O)c2n1,-28.1
Cc1ccc2ccc(C#N)c(O)c2n1,-33
CN1C2CCC1[C@H]([C@H](C2)OC(=O)c3ccccc3)C(O)=O,-4.4
OC(=O)\C=C\c1ccccc1,-59.14793362
NCC(O)=O,-102.03
C(=O)(C(C(C(C(C(C(C(C(C(C(C(C(C(F)(F)F)(F)F)(F)F)(F)F)(F)F)(F)F)(F)F)(F)F)(F)F)(F)F)(F)F)(F)F)(F)F)O,-5.916442935
CC(=O)C1=CC=C(C=C1)C(=O)O,-49
COc1cccc(C(=O)NN(C(=O)c2cc(C)cc(C)c2)C(C)(C)C)c1C,-3.42
CCCCC(O)(Cn1cncn1)c2ccc(Cl)cc2Cl,-7.1
COc1ccc(O)c(c1)C(C)(C)C,-30.48711063
CCCc1cc(O)c([C@@H]2C=C(C)CC[C@H]2C(C)=C)c(O)c1,-12.62790865
CN1C(CCC1=O)c2cccnc2,-23.3
FC(F)(F)Oc1ccc(CNC(=O)C2=CC=CN(Cc3ccccc3)C2=O)cc1,-16.1
CCNC(C)C(=O)C1=CC2=C(C=C1)OCO2,-17.9
O[S](=O)(=O)C(F)(F)C(F)(F)C(F)(F)C(F)(F)F,-1.25
C1=CC=C2C(=C1)C=CC(=C2N=NC3=CC=C(C=C3)S(=O)(=O)[O-])O,-15
CCCC1COC(Cn2cncn2)(O1)c3ccc(Cl)cc3Cl,-5.53
CN(C)C(=O)Nc1ccccc1,-30.41
CN1C(=O)CN=C(c2ccccc2)c3cc(Cl)ccc13,-9.5
Clc1ccc(CN(C2CCCC2)C(=O)Nc3ccccc3)cc1,-9.01
C(C(C(C(C(C(C(F)(F)S(=O)(=O)O)(F)F)(F)F)(F)F)(F)F)(F)F)(C(C(C(C(C(F)(F)F)(F)F)(F)F)(F)F)(F)F)(F)F,2
CNC(=O)C(=N/OC)\c1ccccc1COc2cc(C)ccc2C,-1.8
OC(=O)C1=CC(=O)NC(=O)N1,-32.25
CC(C)OC(=O)N[C@H](C(C)C)C(=O)NC(C)c1ccc(C)cc1,0.75
NCCCC(O)=O,-61.1
CCCN(CC)CC1COC2(CCC(CC2)C(C)(C)C)O1,5.89
N[C@@H](Cc1ccc(O)cc1)C(O)=O,-34.6
CCN1CCCC1CNC(=O)c2cc(ccc2OC)[S](N)(=O)=O,8.1
CNC(=O)/C=C/COC,-47
CC(C)N1C(=O)N(CSC1=NC(C)(C)C)c2ccccc2,8.84
O[C@@H]([C@H](O)C(O)=O)C(O)=O,-10.20915305
CCC(C)(NC(=O)c1cc(Cl)c(C)c(Cl)c1)C(=O)CCl,-8.9
OC(C(O)=O)c1ccccc1,-44.51653734
Cc1ccc2cc(F)cc(O)c2n1,-32.7
N[C@@H](CCC(N)=O)C(O)=O,-30.2
O[S](=O)(=O)C(F)(F)C(F)(F)C(F)(F)C(F)(F)C(F)(F)C(F)(F)C(F)(F)C(F)(F)F,2
CCc1cccc2cc(oc12)C(O)CNC(C)(C)C,2.3
CNC(=O)Oc1ccc(N(C)C)c(C)c1,-15.48
CC(C1CC1)C(O)(Cn2cncn2)c3ccc(Cl)cc3,-8.1
CNC(=O)\C=C(/C)O[P](=O)(OC)OC,-28.98
C[C@]12CC[C@H]3[C@@H](CCc4cc(O[S](O)(=O)=O)ccc34)[C@@H]1CC[C@@H]2O,-8.25
C/C=C/C(=O)Nc1ccccc1,-49.4
OC(=O)C(F)(F)C(F)(F)C(F)(F)C(F)(F)C(F)(F)C(F)(F)C(F)(F)C(F)(F)F,-13.84216884
NC[C@@H]1CC[C@H](CC1)C(O)=O,-48.06507037
CCCOC(=O)NCCCN(C)C,7.24
CC(C)N(C(=O)COc1sc(nn1)C(F)(F)F)c2ccc(F)cc2,-19.07
C[C@H](CCC(O)=O)[C@H]1CC[C@H]2[C@@H]3[C@H](O)C[C@@H]4C[C@H](O)CC[C@]4(C)[C@H]3C[C@H](O)[C@]12C,-2.865403513
C(=C(C(C(C(C(C(C(C(F)(F)F)(F)F)(F)F)(F)F)(F)F)(F)F)(F)F)F)C(=O)O,-17.68492972
CN(C=Nc1ccc(C)cc1C)C=Nc2ccc(C)cc2C,7.03
OC(=O)c1cccc(O)c1,-65.24960135
CC(C)NCC(O)COc1ccc(CC(N)=O)cc1,3.1
Nc1nnc(c(N)n1)c2cccc(Cl)c2Cl,-21
Cn1nccc1NC(=O)Nc2cccc(c2)[N+]([O-])=O,-5.9
CCC(=O)C(CC(C)N(C)C)(c1ccccc1)c2ccccc2,10.6
CSc1nc(NC(C)C)nc(NC(C)C)n1,-6.51
N[C@@H](Cc1c[nH]cn1)C(O)=O,-34.6
CCCOCC(=Nc1ccc(Cl)cc1C(F)(F)F)n2ccnc2,-8.47
FC(F)(F)c1ccc(nc1)N2CC(C2)NC(=O)C3=CN(Cc4ccccc4)C=CC3=O,-2.6
CN(C)CC\C=C/1c2ccccc2Sc3ccc(Cl)cc13,2.8
COC(=O)Nc1[nH]c2ccccc2n1,-30.07
OC[C@H]1O[C@H]([C@H](O)[C@@H]1O)N2C=CC(=O)NC2=O,-20.3
OC(Cn1cncn1)(c2ccc(F)cc2)c3ccccc3F,-10.77
CCCCC(Cn1cncn1)(C#N)c2ccc(Cl)cc2,-7.73
Clc1ccc(CCC(Cn2cncn2)(C#N)c3ccccc3)cc1,-3.96
Cn1nc(C)c(\C=N\OCc2ccc(cc2)C(=O)OC(C)(C)C)c1Oc3ccccc3,3.03
NCC[S](O)=O,-70.26896104
OC(=O)[C@@H]1CCCN1,-65.7
CCCCCCCCCCCC(=O)O,-24.32940449
S=C(N\N=C\c1ccccn1)Nc2ccccn2,-6.5
CCCCCc1cc(O)c2c(OC(C)(C)c3ccc(C)cc23)c1,-9.951517153
CCCCCC[C@H](C/C=C\CCCCCCCC(=O)O)O,-11.73194314
NC(=O)N1c2ccccc2C=Cc3ccccc13,-18.7
Fc1cccc(F)c1C(=O)NC(=O)Nc2cc(Cl)c(F)c(Cl)c2F,-3.07
OCCN1CCN(CCCN2c3ccccc3Sc4ccc(Cl)cc24)CC1,9.5
CN1C(=O)N(C(=O)C=C1C(F)(F)F)c2ccc(Cl)c(c2)C(=O)OC(C)(C)C(=O)OCC=C,1.56
CNCCC=C1c2ccccc2CCc3ccccc13,-10.4
O=C(NC(Cc1ccccc1)c2ccncc2)C3=CC=CN(Cc4ccccc4)C3=O,0.6
O=C1NC(=O)c2[nH]cnc2N1,-54.53
Clc1ccccc1c2nnc(nn2)c3ccccc3Cl,-10.71
OC(=O)c1ccncc1,-65.7651849
COc1ccc2[nH]cc(CCNC(C)=O)c2c1,-8.9
CCCC(C)(COC(N)=O)COC(N)=O,-29.7
CO\N=C(C(=O)OC)/c1ccccc1CO\N=C(/C)c2cccc(c2)C(F)(F)F,10.35
CNC(/NCCSCc1oc(CN(C)C)cc1)=C\[N+]([O-])=O,-8.369563604
NCC(F)C(O)=O,-69.61104121
O=C1CC2(CCCC2)CC(=O)N1CCCCN3CCN(CC3)c4ncccn4,8.8
CC(=O)N1CCN(CC1)c2ccc(OC[C@H]3CO[C@@](Cn4ccnc4)(O3)c5ccc(Cl)cc5Cl)cc2,8
C1=CC=C(C=C1)C(C2=CC=CC=C2)C(=O)O,-28.34404281
CCCCCCCCC1=CC=C(C=C1)C(=O)O,-22.34166501
C(=O)(C(C(C(C(C(C(C(C(C(C(C(C(C(C(C(F)(F)F)(F)F)(F)F)(F)F)(F)F)(F)F)(F)F)(F)F)(F)F)(F)F)(F)F)(F)F)(F)F)(F)F)(F)F)O,-4.097197018
CNC(/NCCSCc1oc(CN(C)C)cc1)=C\[N+]([O-])=O,8.6
CSC1=NN=C(C(=O)N1N)C(C)(C)C,-17.76
CCC1COC(Cn2cncn2)(O1)c3ccc(Cl)cc3Cl,-7.17
CC(C)[C@@H](N)C(O)=O,-62.25653616
CC1CCCN1C(=O)C=C,-42
CO[P](N)(=O)SC,-52.44
CNC(=O)Oc1cc(C)c(N(C)C)c(C)c1,-4.42
Oc1cc2C(=O)Oc3c(O)c(O)cc4C(=O)Oc(c1O)c2c34,-2.687959762
OC(=O)CCCc1c[nH]c2ccccc12,-32.76505878
NC1=NC(=O)N(C=C1)[C@@H]2O[C@H](CO)[C@@H](O)[C@H]2O,-21.3
CC1=CNC(=O)NC1=O,-29.7
Cc1nnc2CN=C(c3ccccc3)c4cc(Cl)ccc4n12,-9.2
Clc1ccc(cc1)c2ccccc2NC(=O)c3cccnc3Cl,-8.19
Cc1ccc2ccccc2n1,-8.13
CC(CN1CC(C)OC(C)C1)Cc2ccc(cc2)C(C)(C)C,11.2
CCCCCCCC/C=C\CCCCCCCC(=O)O,-14.17496449
O=C(Nc1snnc1)Nc2ccccc2,-26.1
COc1ccc2ccc(C)nc2c1O,-0.8
CC[C@H]([C@@H](C)CN(C)C)c1cccc(O)c1,8
Cc1ccc2cc(Cl)cc(O)c2n1,-30.7
C(C(C(C(F)(F)S(=O)(=O)O)(F)F)(F)F)(C(C(F)(F)F)(F)F)(F)F,1.25
NCCCCCCCC(O)=O,-39.05755608
CNC(=O)\C=C\C,-72.14
CC(N)Cc1ccccc1,-37.7
Oc1ccc(c(O)c1)C(=O)c2ccc(O)cc2O,-14
CC(C)(C)NCC(O)c1ccc(O)c(CO)c1,-3.5
O[S](=O)(=O)c1cccc2c1cccc2[S](O)(=O)=O,-19
C1=CC(=CN=C1)C(=O)O,-53.08
CC/C(c1ccccc1)=C(c2ccccc2)/c3ccc(OCCN(C)C)cc3,-2.4
CN(C)CCC=C1c2ccccc2CCc3ccccc13,4.4
CC1=C(CCCO1)C(=O)Nc2ccccc2,-14.01
COC(=O)[C@H]1[C@H](CC2CCC1N2C)OC(=O)c3ccccc3,6
Nc1cccc(c1)C(O)=O,-62.08960737
CNC(=O)Oc1ccccc1C(C)C,-11.29
Cc1ccc(C)c(OCCCC(C)(C)C(O)=O)c1,-19.05281339
N[C@@H](CC(N)=O)C(O)=O,-41.5
FC(F)(F)Oc1ccc(CNC(=O)C2=CN(Cc3ccccc3)C(=O)C=C2)cc1,-21.7
Fc1ccc(Oc2ccnc3cc(Cl)cc(Cl)c23)cc1,-16.05
C1CCC(CC1)C2(CCCCC2)C(=O)O,-28.409445
CCNc1nc(NC(C)(C)C)nc(SC)n1,-6.7
CO[C@]12CC[C@@]3(C[C@@H]1[C@](C)(O)C(C)(C)C)[C@H]4Cc5ccc(O)c6O[C@@H]2[C@]3(CCN4)c56,-3.1
CCNC(=O)[C@H](C)OC(=O)Nc1ccccc1,-27.3
CO\N=C(C(=O)OC)/c1ccccc1COc2ccccc2C,-9.72
CCOc1ccc(NC(=O)OC(C)C)cc1OCC,-7.27
CNC1=CC=CC=C1C(=O)O,-50.53976173
C1=CC=C2C(=C1)C=C3C=CC=CC3=C2C(=O)O,-37.25398626
CCN(Cc1ccc(Cl)nc1)\C(NC)=C\[N+]([O-])=O,-19.83
O[S](=O)(=O)c1ccc2nc([nH]c2c1)c3ccccc3,-25.5
CC#Cc1cc(C)nc(Nc2ccccc2)n1,-0.47
CCOc1ccc(NC(C)=O)cc1,-38.2
COc1ccc(O)c2nc(C)ccc12,-14.2
CC(C)C[C@H](N)C(O)=O,-52.1
CCCCCCCC([O-])=O,-44.47194449
CN(C)CCOc1ccccc1Cc2ccccc2,9.3
C(C(C(=O)O)(F)F)(OC(C(C(OC(F)(F)F)(F)F)(F)F)(F)F)F,-12.25
CC(=O)CC(c1ccccc1)C2=C(O)Oc3ccccc3C2=O,-11.5
Oc1ccc2c(Oc3cc(O)ccc3C24OC(=O)c5ccccc45)c1,-3
C[C@H](CCC([O-])=O)[C@H]1CC[C@H]2[C@@H]3CC[C@@H]4C[C@H](O)CC[C@]4(C)[C@H]3C[C@H](O)[C@]12C,-6.037229478
CO\C=C(C(=O)OC)/c1ccccc1Oc2cc(Oc3ccccc3C#N)ncn2,3.19
CC(C)Cc1ccc(cc1)C(C)C(O)=O,-29.06548654
NC1=Nc2n(cnc2C(=O)N1)[C@@H]3O[C@H](CO)[C@@H](O)[C@H]3O,-22.9
CC[C@H](C)[C@H](N)C(O)=O,-52.1
COc1ccc2nccc([C@H](O)[C@H]3C[C@@H]4CCN3C[C@@H]4C=C)c2c1,-0.8
Cc1ccc2ccc(c(O)c2n1)[N+]([O-])=O,-15.9
C[C@]12C[C@H](O)[C@H]3[C@@H](CCC4=CC(=O)C=C[C@]34C)[C@@H]1CC[C@]2(O)C(=O)CO,-13.35403972
CSC1=N[C@](C)(C(=O)N1Nc2ccccc2)c3ccccc3,-7.43
CC(C)C[C@@H](N)C(O)=O,-55.04363372
COC(=O)N(C(=O)N1CO[C@]2(Cc3cc(Cl)ccc3C2=N1)C(=O)OC)c4ccc(OC(F)(F)F)cc4,-7.95
CC(C)(C)C(=O)C(Oc1ccc(Cl)cc1)n2cncn2,-7.77
C=CC(=O)NCc1ccccc1,-44.7
CN(C)C(=O)C(CCN1CCC(O)(CC1)c2ccc(Cl)cc2)(c3ccccc3)c4ccccc4,8.9
NCCc1ccc(O)cc1,-56.28222776
O[C@@H]1C[C@](O)(C[C@@H](OC(=O)\C=C\c2ccc(O)c(O)c2)[C@@H]1O)C(O)=O,-4.010488732
C(C(C(C(C(F)(F)S(=O)(=O)N)(F)F)(F)F)(F)F)(C(C(C(F)(F)F)(F)F)(F)F)(F)F,-3.423537099
Oc1ccc(cc1)n2cccc2,-52.06420178
CCOC1Oc2ccc(O[S](C)(=O)=O)cc2C1(C)C,-5.8
CC(C1=CC=C(C=C1)/C=C/2\CCCCC2=O)C(=O)O,-16.95765667
CCCCCCCCCCCCCCCCCC(O)=O,-14.18361889
CCC(=O)OC(O[P](=O)(CCCCc1ccccc1)CC(=O)N2C[C@@H](C[C@H]2C(O)=O)C3CCCCC3)C(C)C,-2.335525136
Nc1cc(ccc1C(O)=O)C(O)=O,-44.25
CN(CC(O)=O)C(N)=N,-58
CC(C)(C)c1ccc(cc1)C(O)CCCN2CCC(CC2)C(O)(c3ccccc3)c4ccccc4,8.7
CNC(=O)Oc1cc(C)c(SC)c(C)c1,-18.71
CCCC(=O)Nc1ccc(OCC(O)CNC(C)C)c(c1)C(C)=O,5.9
OC(=O)c1cccc(c1)C(O)=O,-51
OC(=O)C1CCn2c1ccc2C(=O)c3ccccc3,-21
OC(=CC=C1/C=C/C(C=C(C2)OC)=CC=2OC)C=C1,-29.34547284
COC(=O)\C=C(/C)O[P](=O)(OC)OC,-20.97
NCC1(CCCCC1)CC(O)=O,-32.7
CC1(C)CC\C(=C/c2ccc(Cl)cc2)C1(O)Cn3cncn3,-4.74
CCCCCCC(O)=O,-52.45986236
CN=C(NCCSCc1nc[nH]c1C)NC#N,-10.5
C(=O)(C(C(C(C(C(C(C(C(C(C(F)(F)F)(F)F)(F)F)(F)F)(F)F)(F)F)(F)F)(F)F)(F)F)(F)F)O,-10.17864934
CC(C)NC1=NC(=O)N=C(N)N1,-40.27845776
C[C@]12CC[C@H]3[C@@H](CCC4=CC(=O)CC[C@]34C)[C@@H]1CC[C@H]2O,-8.1
C(=O)(C(C(C(C(C(C(C(C(C(C(C(F)(F)F)(F)F)(F)F)(F)F)(F)F)(F)F)(F)F)(F)F)(F)F)(F)F)(F)F)O,-8.478745904
Clc1ccc(CN2CCSC2=NC#N)cn1,-30.19
C[N+](C)(C)CC[O-],-9.3
FC(F)C(F)(F)OCC(Cn1cncn1)c2ccc(Cl)cc2Cl,-3.71
COc1ccc(NC(=O)C=C)cc1,-25.5
NC(=N)c1ccc(CNC(=O)C2=CN(Cc3cccc(c3)C(F)(F)F)C(=O)C=C2)cc1,-12.1
N[S](=O)(=O)c1cc(ccc1Cl)C2(O)NC(=O)c3ccccc23,-8.1
CN(Cc1ccc(Cl)nc1)C(C)=NC#N,-28
Cc1ncc2CN=C(c3ccccc3F)c4cc(Cl)ccc4n12,-9.8
CC(C)CC1=CC=C(C=C1)CCC(=O)O,-28.20409052
CNC(=O)N(C)c1sc(nn1)C(C)(C)C,-14.51
CCN(CC)CCCC(C)Nc1cc(OC)cc2cccnc12,10.4
[O-]C(=O)c1ccccc1C2=C3C=C(I)C(=O)C(=C3Oc4c(I)c([O-])c(I)cc24)I,-16.25
Oc1cc(O)cc(O)c1,-58.81354319
C(=O)(C(C(C(C(C(C(C(C(C(C(C(C(F)(F)F)(F)F)(F)F)(F)F)(F)F)(F)F)(F)F)(F)F)(F)F)(F)F)(F)F)(F)F)O,-7.117104308
CN(C)C(=O)Nc1ccc(Cl)c(Cl)c1,-25.03
C(=CI)C(=O)O,-47.24240078
C1=CC=C(C=C1)N=NC2=C(C3=C(C(=C(C=C3C=C2S(=O)(=O)[O-])S(=O)(=O)[O-])N=NC4=CC=C(C=C4)[N+](=O)[O-])N)O,-21.25
CCCCOC(=O)N(C)SN(C)C(=O)Oc1cccc2CC(C)(C)Oc12,6.56
CN(C)C(=O)NC1CCCCCCC1,-23.28
CN(C)C[C@H]1CCCC[C@@]1(C2=CC(=CC=C2)OC)O,9.3
CCOC(=O)C1(CCNCC1)c2ccccc2,-25.2
C(CC(C(C(F)(F)F)(F)F)(F)F)C(=O)O,-39.60187186
CCCCCCCCCCCCO[S]([O-])(=O)=O,-10.64614215
Cc1ccnc(N[S](=O)(=O)c2ccc(N)cc2)n1,0.6
Cn1cnc2N(C)C(=O)N(C)C(=O)c12,-28.5
OC1N=C(c2ccccc2)c3cc(Cl)ccc3NC1=O,-9.1
CCCC(Cn1cncn1)c2ccc(Cl)cc2Cl,-5.83
CCNc1nc(NC(C)CC)nc(OC)n1,-10.17
COC(=O)C(C)N(C(=O)Cc1ccccc1)c2c(C)cccc2C,-10.33
Cc1ccc2ccccc2n1,-25
CCN(CC(=O)O)S(=O)(=O)C(C(C(C(C(C(C(C(F)(F)F)(F)F)(F)F)(F)F)(F)F)(F)F)(F)F)(F)F,-9.00263054
CNC(=O)C(C)SCCS[P](=O)(OC)OC,-3.89
CN(C)CC1CCCCC1(C2=CC(=CC=C2)O)O,7.3
CCNc1nc(NCC)nc(SC)n1,-12.16
CN[C@@H](C)[C@@H](O)c1ccccc1,-25.7
[O-][N+](=O)c1ccc(NC(=O)Nc2ccncc2)cc1,-9.3
CCC(C)c1ccccc1OC(=O)NC,-23.89
Nc1nc(N)nc(NC2CC2)n1,-16.9
COC(=O)NC(=S)Nc1ccccc1NC(=S)NC(=O)OC,-2.09
COc1ccc2C[C@@H]3[C@@H]4CCC(=O)[C@@H]5Oc1c2[C@]45CCN3C,-11.7
C1=CC(=CC=C1O)O,-58.76865334
OC(=O)C(O)=O,-75.77802038
CNS(=O)(=O)C(C(C(C(C(C(C(C(F)(F)F)(F)F)(F)F)(F)F)(F)F)(F)F)(F)F)(F)F,-4.16396001
CN=C(NCc1sc(Cl)nc1)N[N+]([O-])=O,-24.9
CCCCC/C=C\C/C=C\CCCCCCCC(=O)O,-15.45832292
CO\N=C(C1=NOCCO1)/c2ccccc2Oc3ncnc(Oc4ccccc4Cl)c3F,3.85
CCC(=O)N(C1CCN(CC1)CCc2ccccc2)c3ccccc3,10.1
Nc1ccc2NC(=O)CN=C(c3ccccc3Cl)c2c1,-14.7
CC(C)C1=CC2=CC[C@@H]3[C@@]([C@H]2CC1)(CCC[C@@]3(C)C(=O)O)C,-14.0337998
C1=CC(=CN=C1)C(=O)N,-41.3
CN(Cc1ccccc1)C(=O)c2cccc(NC(=O)c3occc3)c2,6.8
CO[P](=O)(OC)OC(/C)=C/C(=O)N(C)C,6.75
CC(C)(C)C(O)\C(=C/c1ccc(Cl)cc1Cl)n2cncn2,-7.35
CC1(OC(=O)N(Nc2ccccc2)C1=O)c3ccc(Oc4ccccc4)cc3,-1.36
CN1CC[C@]23[C@H]4Oc5c(O)ccc(C[C@@H]1[C@]2(O)CCC4=O)c35,-10.7
OC(=O)COc1ccc(Cl)cc1Cl,-24.71701421
CNCCC(Oc1ccc(cc1)C(F)(F)F)c2ccccc2,6
CCCCCc1cc(O)c2C=CC(C)(CCC=C(C)C)Oc2c1,-9.573005399
C(=O)(C(C(C(C(C(C(C(C(C(C(C(C(C(C(C(C(C(F)(F)F)(F)F)(F)F)(F)F)(F)F)(F)F)(F)F)(F)F)(F)F)(F)F)(F)F)(F)F)(F)F)(F)F)(F)F)(F)F)(F)F)O,-2.787281149
CC1(C)CNC(=NC1)N\N=C(/C=C/c2ccc(cc2)C(F)(F)F)\C=C\c3ccc(cc3)C(F)(F)F,2.28
COc1ccc2C[C@H]3NCC[C@@]45[C@@H](Oc1c24)C(=O)CC[C@@]35O,-10.6
C[C@H](CCC(=O)NCC[S](O)(=O)=O)[C@H]1CC[C@H]2[C@@H]3[C@H](O)C[C@@H]4C[C@H](O)CC[C@]4(C)[C@H]3C[C@H](O)[C@]12C,-2.2
CN(C)C(=O)Nc1ccc(Oc2ccc(Cl)cc2)cc1,-13.59
C[C@]12CCC(=O)C=C1CC[C@H]3[C@@H]4CC[C@](O)(C(=O)CO)[C@@]4(C)C[C@H](O)[C@H]23,-11.91513608
COc1cc2OC[C@H]3Oc4c5C[C@@H](Oc5ccc4C(=O)[C@H]3c2cc1OC)C(C)=C,-19.11
Nc1ncnc2nc[nH]c12,-55.75
CC(C)CC(O)=O,-73.31737107
Oc1ccc(O)cc1,-59.2352113
Cn1ccc(NC(=O)Nc2cccc(c2)[N+]([O-])=O)n1,7.5
N[S](=O)(=O)c1cc(C(O)=O)c(NCc2occc2)cc1Cl,-17.75
C(COCCOCCOCC(=O)O)O,-25.49505784
CC(C)(C)NCC(O)c1cc(O)cc(O)c1,-6.6
CCNS(=O)(=O)C(C(C(C(C(C(C(C(F)(F)F)(F)F)(F)F)(F)F)(F)F)(F)F)(F)F)(F)F,-1.673527422
COC(=O)Nc1cccc(OC(=O)Nc2cccc(C)c2)c1,-12.28
[O-][N+](=O)c1ccc(NC(=O)Nc2ccccn2)cc1,-4.8
C[C@H](N)C(O)=O,-91.41
N[C@@H](CC(O)=O)C(O)=O,-67.3
C(CC(C(C(C(C(C(C(F)(F)F)(F)F)(F)F)(F)F)(F)F)(F)F)(F)F)C(=O)O,-18.08368706
CN(C)CCOC(c1ccccc1)c2ccccc2,-2.2
CN(Cc1ccccc1)C(=O)c2ccccc2NC(=O)c3occc3,-0.2
Nc1ccc(cc1)[S](=O)(=O)Nc2ncccn2,-5.3
CC1(CCCCC1)C(=O)Nc2ccc(O)c(Cl)c2Cl,-17.69
OC(=O)c1ccccn1,-71.30979945
CC1=C(SCCO1)C(=O)Nc2ccccc2,-17.89
O=C(NC(Cc1ccccc1)c2ccncc2)C3=CN(Cc4ccccc4)C(=O)C=C3,-11.3
CC(C)NCC(O)COc1ccc(CC(N)=O)cc1,-7.266436975
CCOC(=O)NCCOc1ccc(Oc2ccccc2)cc1,-13.64
C/C=C/C(O)=O,-94.16119633
COc1ccccc1OCCNCC(O)COc2cccc3[nH]c4ccccc4c23,-2.110981155
C[C@H](CCC(=O)NCC[S](O)(=O)=O)[C@H]1CC[C@H]2[C@@H]3[C@H](O)C[C@@H]4C[C@H](O)CC[C@]4(C)[C@H]3C[C@H](O)[C@]12C,4.85421572
C=CC(=O)Nc1ccccn1,-28.4
CC(=O)Nc1ccc(O)cc1,-53.32908831
CC(COc1ccc(Oc2ccccc2)cc1)Oc3ccccn3,2.09
CCOC(=O)C(Cl)Cc1cc(N2N=C(C)N(C(F)F)C2=O)c(F)cc1Cl,0.5
CN(C)C(=O)Nc1ccc(C)c(Cl)c1,-23.98
CN(C)c1ccc(cc1)N=Nc2ccccc2C(O)=O,-23.76141372
N[C@@H](CCCNC(N)=N)C(O)=O,-16.3
CCCCCC=CCC=CCCCCCCCC(=O)O,-7.5
Cc1cccc2sc3nncn3c12,-24.79
CON(C(=O)OC)c1ccccc1COc2ccn(n2)c3ccc(Cl)cc3,8.54
Cc1ccc2cc(cc(O)c2n1)C#N,-35.6
C[C@H]1[C@@H](C(=O)N1S(=O)(=O)O)NC(=O)/C(=N\OC(C)(C)C(=O)O)/C2=CSC(=N2)N,2
CC(C)Oc1cccc(NC(=O)c2ccccc2C(F)(F)F)c1,-12.28
CCc1cccc2c3CCOC(CC)(CC(O)=O)c3[nH]c12,-1.2
C1CCN(CC1)C2=NC(=N)N(C(=C2)N)O,-19.9
CSCC[C@H](N)C(O)=O,-47.97170524
CCCCC1=CC=C(C=C1)C(C)C(=O)O,-28.50393947
Cc1ccc2ccc(C)c(O)c2n1,-6
NC(=N)c1ccc(CNC(=O)C2=CC=CN(Cc3cccc(c3)C(F)(F)F)C2=O)cc1,-4.5
CC(C)(C)c1ccc(CCOc2ncnc3ccccc23)cc1,-3.6
N[C@@H](Cc1ccccc1)C(O)=O,-45
NCCCC(O)=O,-75
C1C2=CC=CC=C2C3=C1C=C(C=C3)C(=O)O,-39.82629871
Nc1nc(N)nc(N)n1,-40.7
COCCCNc1nc(NC(C)C)nc(SC)n1,-4.79
CC1=CC(=NC(=N1)NS(=O)(=O)C2=CC=C(C=C2)N)C,-14.75
NC1=CC(=NC(=N)N1O)N2CCCCC2,-44.83352094
CNC(=O)O\N=C\C(C)(C)[S](C)(=O)=O,6
COc1ccc2cc(ccc2c1)C(C)C(O)=O,-26
CCCCCCCCCCCCCCCC(O)=O,-17.27494527
Cc1onc(c1NC(=O)Nc2ccncc2)c3c(Cl)cccc3Cl,-3
COc1ccc2cc(ccc2c1)C(C)C(O)=O,-30.65091565
O=C(/C(N1)=C/C(=CC=C2O)C=C2)N(C)C=1C,-24
CC(C)NCC(COC1=CC=CC2=CC=CC=C21)O,-0.2
CC1=CC(=CC(=C1F)C)C(=O)O,-48.45775176
COc1ccc2CC3NCCC45C(Oc1c24)C(O)C=CC35,-15
N[C@H]1CC[C@@H](c2ccc(Cl)c(Cl)c2)c3ccccc13,-13.8
CC1=NNC(=O)N(C1)\N=C\c2cccnc2,-19.98
CCC(C)(C)C(=O)OC1=C(C(=O)OC12CCCCC2)c3ccc(Cl)cc3Cl,-13.87
C(CC(C(C(C(C(F)(F)F)(F)F)(F)F)(F)F)(F)F)C(=O)O,-26.55223703
Nc1ncnc2nc[nH]c12,-46
CNC(=O)/C=C/OC,-54.9
[nH]1c2ccccc2nc1c3cscn3,-31.68
CNC(=O)CS[P](=S)(OC)OC,-30.24
CC(C(O)=O)c1ccc(cc1)N2Cc3ccccc3C2=O,-21.69491056
COc1nc(NC(C)C)nc(NC(C)C)n1,-8.05
CCCCC1=C(C)NC(=NC1=O)NCC,-22.98
CCSC(C)CC1CC(=O)C(C(=O)C1)C(/CC)=N/OC\C=C\Cl,-5.03
[O-][S](=O)(=O)c1ccc2ccccc2c1,-29.113209
[O-][N+](=O)c1ccc2NC(=O)CN=C(c3ccccc3Cl)c2c1,-12.2
CC1=C(C=CC(=C1)Br)C(=O)O,-42.35699515
C(C(C(C(F)(F)F)(F)F)(F)F)(C(C(C(F)(F)S(=O)(=O)O)(F)F)(F)F)(F)F,1.75
Fc1ccc(cc1)[C@@]2(Cn3cncn3)O[C@H]2c4ccccc4Cl,-7.59
Fc1ccc2N=C(n3cncn3)N(C(=O)c2c1)c4ccc(Cl)cc4Cl,8.26
Cc1ccc2c(Cl)ccc(O)c2n1,-27.3
OC(=O)C(F)(F)C(F)(F)F,-47.47863514
Cc1ccc2cc(cc(O)c2n1)[N+]([O-])=O,-33.8
Cc1ccc2c(ccc(O)c2n1)[N+]([O-])=O,-31.5
C[C@]12C[C@H](O)[C@H]3[C@@H](CCC4=CC(=O)CC[C@]34C)[C@@H]1CC[C@@H]2C(=O)CO,-10.87261263
COC1=C(C=CC(=C1)CCNC(=O)C(C2=CC=C(C=C2)Cl)OCC#C)OCC#C,-3.44
Oc1ccccc1[N+]([O-])=O,-43.18786213
Cc1cc(nc(Nc2ccccc2)n1)C3CC3,1.41
COC(=O)C(C)N(C(=O)c1occc1)c2c(C)cccc2C,-10.6
CC(C)(C[S](O)(=O)=O)NC(=O)C=C,-15.04301176
NC(CCC(O)=O)C=C,-45.1
CCCCN(C)C(=O)Nc1ccc(Cl)c(Cl)c1,-15.95
COc1cc(\C=C\C(O)=O)ccc1O,-42.27939631
CC(C)(C)OCC(=O)O,-54.44496522
C(C(C(F)(F)F)(F)F)(C(C(F)(F)S(=O)(=O)O)(F)F)(F)F,0.625897092
COc1cc(C=O)ccc1O,-31.25
Fc1cccc(F)c1C(=O)NC(=O)Nc2cc(Cl)c(Oc3ncc(cc3Cl)C(F)(F)F)c(Cl)c2,-1.48
C(C(F)(F)F)(OC(C(F)(F)S(=O)(=O)O)(F)F)(F)F,1.75
CSC(=O)c1cccc2nnsc12,-9.19
Cc1ccccc1O,-65.97522459
COC[C@@H](NC(C)=O)C(=O)NCc1ccccc1,-1.6
CC(C(O)=O)c1cccc(c1)C(=O)c2ccccc2,-2.8
CCCC(C)(COC(N)=O)COC(=O)NC(C)C,-5.7
Oc1ccc2c(Cc3ccccc23)c1,-47.33526173
OC(=O)c1ccc(cc1)C(O)=O,-52.44642257
N[C@@H](CO)C(O)=O,-63.31
OC(=O)Cc1c[nH]c2ccccc12,-44.55189042
C[C@H](Cc1ccccc1)N(C)CC#C,3.8
Oc1cc2ccccc2c3ccccc13,-42.35755133
[NH4+].[NH4+].CCN(Cc1cccc(c1)[S]([O-])(=O)=O)c2ccc(cc2)[C+](c3ccc(cc3)N(CC)Cc4cccc(c4)[S]([O-])(=O)=O)c5ccccc5[S]([O-])(=O)=O,-12.5
CC(C)(C)C(O)(CCc1ccc(Cl)cc1)Cn2cncn2,2.14
CN1C(=O)C(O)N=C(c2ccccc2)c3cc(Cl)ccc13,-2.3
OC(=O)C(F)(F)C(F)(F)C(F)(F)C(F)(F)C(F)(F)C(F)(F)C(F)(F)C(F)(F)C(F)(F)F,-11.76833015
C1=CC=C2C(=C1)C=CC(=C2N=NC3=CC=C(C=C3)N=NC4=CC=C(C=C4)S(=O)(=O)[O-])O,-12.25
C=C(C(=O)O)OP(=O)(O)[O-],-25.21253605
CCN(CC)CC(=O)Nc1c(C)cccc1C,5.8
C[C@]12CC[C@H]3[C@@H](CCC4=CC(=O)CC[C@]34C)[C@@H]1CC[C@@H]2O,-7.9
CC(N)Cc1cccc2OCOc12,-29.3
CC(C)c1ccc(NC(=O)N(C)C)cc1,-15.55
CCCCN1CCC(CC1)CNC(=O)C2=CNC(=O)C(=C2)Cl,-10.3
N[C@@H](CC(N)=O)C(O)=O,-57.53
CC(C)[C@H](N)C(O)=O,-56.1
C1=C(C(=O)NC(=O)N1)F,-39
Clc1cccc(Cl)c1NC2=NCCN2,-19.6
CO/C=C(C(=O)OC)/c1ccccc1COc2cccc(n2)C(F)(F)F,9.45
OC(c1ccc(Cl)cc1)(c2cncnc2)c3ccccc3Cl,-6.88
CCCCCCCCCCCCc1ccccc1[S](O)(=O)=O,-9.587682832
CC[S](=O)c1c(N)n(nc1C#N)c2c(Cl)cc(cc2Cl)C(F)(F)F,-10.26
CC(C)NCC(O)c1ccc(N[S](C)(=O)=O)cc1,3.2
CC(C)(C)C(O)C(Oc1ccc(Cl)cc1)n2cncn2,-8.07
CN(C(=O)COc1sc2ccccc2n1)c3ccccc3,5.6
CC(C)Cc1ccc(cc1)C(C)C(O)=O,-29.03896118
OC(=O)c1cccnc1,-64.40926039
CCOC(=O)Nc1ccc(cc1)C(=O)N2CCCCC2,-12.6
C1=CC(=CC=C1C2=CC=C(C=C2)O)C(=O)O,-38.25
CN1COCN(Cc2sc(Cl)nc2)\C1=N/[N+]([O-])=O,-9.17
Oc1ccc2C[C@H]3N(CC[C@@]45[C@@H](Oc1c24)C(=O)CC[C@@]35O)CC=C,1.5
NC(=O)NC1NC(=O)NC1=O,-37.60103217
COc1ccc(cc1NNC(=O)OC(C)C)c2ccccc2,-12.41
CSCC[C@H](N)C(O)=O,-50
NC(CO)C(O)=O,-58.25
NCCCCCCCC(O)=O,-39.35456967
CC(C)(C)C(O)C(Oc1ccc(cc1)c2ccccc2)n3cncn3,-4.4
CNCCCN1c2ccccc2CCc3ccccc13,-8.5
CNC(=O)Oc1cc(C)cc(c1)C(C)C,-19.63
CN1CCC23C4CCCC2C1Cc5ccc(O)c(O4)c35,-11.7
OC(=O)c1ccc(F)cc1,-63.83617669
S=C(N/N=C/c1ccccn1)Nc2ccncc2,-5.2
[O-][S](=O)(=O)c1ccc2ccccc2c1,-22.91241984
CN(CC(=O)O)S(=O)(=O)C(C(C(C(C(C(C(C(F)(F)F)(F)F)(F)F)(F)F)(F)F)(F)F)(F)F)(F)F,-9.954061289
OC1CCN(C1)C(=O)C=C,-42.9
Cc1ccc2ccc(Cl)c(O)c2n1,-10.2
CC(C)SCC(=O)O,-54.79234656
Oc1cccc2ccccc12,-54.67248462
N[C@@H](CCC(N)=O)C(O)=O,-39.4878403
CC(=O)CC(c1ccccc1)C2=C(O)Oc3ccccc3C2=O,-1.25
CCNc1nc(NC(C)C)nc(SC)n1,-9.18
C(/C(=C/C(=O)O)/C(=O)O)C(=O)O,-1.946006378
OCC(O)COC(=O)c1ccccc1Nc2ccnc3cc(Cl)ccc23,4.421285001
C[Si](Cn1cncn1)(c2ccc(F)cc2)c3ccc(F)cc3,-4.38
N[C@@H](Cc1ccccc1)C(O)=O,-37.5
CCc1nn(C)c(C(=O)NCc2ccc(cc2)C(C)(C)C)c1Cl,-6.49
CC(C)(C)C(O)C(Cc1ccc(Cl)cc1Cl)n2cncn2,-7.18
CCOC(=O)OC1=C(C(=O)NC12CCC(CC2)OC)C3=C(C=CC(=C3)C)C,-1.44
C(C(C(C(C(F)(F)Cl)(F)F)(F)F)(F)F)(C(C(C(OC(C(F)(F)S(=O)(=O)O)(F)F)(F)F)(F)F)(F)F)(F)F,6.786655125
N[C@@H](Cc1ccc(O)cc1)C(O)=O,-41.91466834
CN(C)C(=O)Oc1nc(nc(C)c1C)N(C)C,8.17
C[C@]12C[C@H](O)[C@H]3[C@@H](CCC4=CC(=O)C=C[C@]34C)[C@@H]1CC[C@]2(O)C(=O)CO,-3.7
CC(C(O)=O)c1ccc(cc1)N2Cc3ccccc3C2=O,2.6
OC[C@H]1O[C@H]([C@H](O)[C@@H]1O)n2cnc3c(O)ncnc23,-21.82685935
CN(C)C(=O)Cc1n2cc(C)ccc2nc1c3ccc(C)cc3,1.1
CN1CC[C@]23[C@H]4Oc5c(O)ccc(C[C@@H]1[C@@H]2C=C[C@@H]4O)c35,-15.1
C1=CC=C2C(=C1)C=CC(=C2N=NC3=CC=C(C4=CC=CC=C43)S(=O)(=O)[O-])O,-8.75
CCCCCc1cc(O)c(C\C=C(C)\CCC=C(C)C)c(O)c1C(O)=O,1
C(=O)(C(C(C(C(C(C(F)(F)F)(F)F)(F)F)(F)F)(F)F)(F)F)O,-18.25
Oc1ccc(Cl)cc1Cl,-46.52987279
OC(=O)C(C1CCCCN1)c2ccccc2,-14.5
CC1COC(Cn2cncn2)(O1)c3ccc(Oc4ccc(Cl)cc4)cc3Cl,-3.24
CN[C@@H](C)[C@H](O)c1ccccc1,-21.4
Cc1ccc2c(C)ccc(O)c2n1,-18.7
CNC(=O)Oc1ccccc1OC(C)C,-21.11
CC(C)(C)N1N=CC(=C(Cl)C1=O)SCc2ccc(cc2)C(C)(C)C,-10.5
