C1C2CC3CC1CC(C2)(C3)CO,1990
CCCCOC(=O)CCC(=O)C,1760
CC1=CC[C@@H](C[C@H]1OC(=O)C)C(=C)C,1747
CCCCCCCCCCCCCCCCCCN,2330
CCCCSCCC,1176
CCCC(CCOC(=O)CCC)SC,1905
CCCCCCCCCCCCO[Si](C)(C)C(C)(C)C,1762
CCC(C)CCC(O)=O,1927
CC(=O)CCCCCCO,2181
CC1CCC2C13CC(C2(C)C)C(C(=O)C3)C,2030
C=C\C=C\c1ccccc1,1572
C1C2=C(C(=C(C(=C2Cl)Cl)Cl)Cl)C(=O)O1,3079
CC/C=C/CC=O,1146
CCOC(CCO)OCC,1611
CCCCCCCCCC1CCCC(=O)O1,2688
COC(=O)CCCCCl,1597
CC1CCC(C2C13C2C(CC3)(C)O)C(C)C,1900
CC1=CC(=C(C=C1)C(C)C)OC,1590
C=CCCCCO,1394
CCC(C)=O,907
CCCC(CC)S,1060
CCC=CCC(=O)O,1954
CCOC(=O)CC=C,1105
CC(=O)CCCC1=CC=CC=C1,1942
CCC(=O)OCCCC=C,1302
CC1=CC=C(C=C1)C(C)CC(C=C(C)C)O,2214
CCCCC/C=C\CO,1550
C/C(=C\CO)/CC/C=C(\C)/CO,2635
CCOC(=O)CC(S[P](=S)(OC)OC)C(=O)OCC,2872
CC(C)(CC1=CC=CC=C1)NC,1639
CCC1=C(C(=O)C(O1)C)O,2089
CCCCCCC(=O)O,1950
CCCCCCSCCC,1372
CC1=CN=CS1,1321
CCC(=O)CC(=O)OC,1522
C=Cc1cnccn1,1437
CCCCCCCCSCCCC,1684
C1=COC(=C1)CSCC2=CC=CO2,2201
CCCc1ccc(N)cc1,2050
CC(=O)O[C@H]1CC2CCC1(C2(C)C)C,1580
CCC(=O)OC/C=C/C1=CC=CC=C1,2182
C1=CC=C2C=CC=CC(=C1)C2=O,1714
CN1CCN(CC1)C(C2=CC=CC=C2)C3=CC=C(C=C3)Cl,2965
CCCCCCC/C=C\CO,1819
CCCCCCCCCCCCCCCCCCC1=CC=CC=C1,2713
CC(C)OC(C)(C)C,722
CC(C)NC(C)CC1=CC=CC=C1,1552
C=CCOC(=O)Cc1ccccc1,2175
CCCCCCCCCCC1=CC=CC=C1,1941
CC(C)c1cc(C)c(C)cc1C,1477
CCC(C)c1ccc(C)cc1C,1421
C1=CC(=CN=C1)/C=C/C2=CC=NC=C2,3014
CCCCCC(=O)/C=C/C,1468
CCCCCCCCCCCCCCCl,1888
CC(C)OC(=O)NC1=CC(=CC=C1)Cl,2643
CCCC(=O)c1occc1,1641
C1OC2=C(O1)C=C(C=C2)C=O,2212
CC(C)CCCCCCCC(C)C,1254
CC1=CC(=CC=C1)N,1840
CC1=CCC2C3C1C2(CCC3C(C)C)C,1492
CCCCCCC1=CCCC1,1259
CCCCCCCCCCCCC(=O)OCC,1947
COC(=O)CS,1346
CSC(=S)N(C)C,2012
CC(C)C(=O)OC1CCCCC1,1427
CCCCC/C=C/CCC(=O)OC,1617
CN1CCN(CC1)N=O,1825
CC(C)CCOC(=O)C(C)C,1189
C#CCOC1=CC=CC=C1,1800
CCCCC(=O)OC(C)C,1135
CCC/C=C/CCC,840
CC\C=C/CC(O)=O,1934
CC(CC/C=C(\C)/CCC=C(C)C)CCO,2265
C/C=C/C(=O)C,1122
CCC(C)C(=O)C(C)C(=O)CC,1597
CCCCC(CC)C(=O)O,1960
CCCCCCCCSC,1432
CCCCCC1C=CC(=O)O1,2070
CC(=O)OCCC1=CCC2CC1C2(C)C,1777
C/C=C/C=C/C=C,1005
Cc1cc(C)nc(C)c1,1371
CC1=C(C=CO1)S,1310
CCCCCC/C=C/CCCCCCCC(=O)OC,2238
CC1CCC(C(=O)C1)C(C)(C)S,1859
CC(C)(C)OC,677
CCCCOCCOCCOCCCC,1727
CCCCCCC1CCCC=C1,1392
CCCCCCCCC(=O)O,2171
CCCC1=C(C=CC(=C1)C)C,1415
CC1=C(SC=N1)CCO,2302
CC1(CC2(CC2(C1=O)C(C)(C)C)C(C)(C)C)C,2091
C1CCCC1,700
CCCCCCCCC/C=C\CCC,1432
CC(C)(CC1=CC=CC=C1)N,1601
COC(CC1=CC=CC=C1)OC,2247
CCCCC1=CCCCC1,1187
C/C=C/C1=NC=CN=C1,1610
CC1=CC=C(C=C1)[C@]2(CCCC2(C)C)C,1826
C1=CN(C=C1)CC2=CC=CO2,1824
C1=COC(=C1)COCC2=CC=CO2,1986
CC/C=C/CCCCCCCCOC(=O)C,1970
CCCCCCCCCCCCCC(=O)C,2019
CC(C)(C)CC=O,975
C1CC2(CCC1CC2)O,1598
C[C@@]1(CC[C@@H]2[C@]3(CCCC([C@@H]3CC[C@]2(O1)C)(C)C)C)C=C,2372
C[C@H]1CC[C@@H]([C@@H](C1)OC(=O)C)C(C)C,1569
CC/C=C/CC(=O)OCCC(C)C,1448
CCCCCCCCCCCC(OC)OC,1769
CC1CNC2C1CCCC2,1420
CCNC(C)Cc1cccc(c1)C(F)(F)F,1555
CC1CCC=C2CCC3C(C3(C)C)C12C,1605
CCCCCCCCC(=O)OCCl,1796
CCCCCCCC(CC)O,1602
CC1=CCC=C1,834
C[C@H]1[C@@H]2C[C@@]2(C[C@@H]1O)C(C)C,1597
CC/C=C\CCOC(=O)CCC(=O)C,2064
C1CN2CCN1CC2,1535
CCCC(C)CC(=O)O,1869
C1=CC(=CC=C1Cl)Cl,1449
CCCCCCOC(=O)\C=C\CCC,1742
CC1=CCCC(C1/C=C/C(C)O)(C)C,1895
CCCCCCCCCCCCCCC(C)O,2304
C1CC=COC1,980
CN1CCCC1C2=CC=CC=N2,1852
CCCCCCCOC(=O)CC,1447
CCCCC(C)CCCC,960
CCCCCCCCC#N,1593
CCCCC#N,1130
CCCCCCCCCOC(=O)C=C,1692
CCC[N+]([O-])=O,1238
Clc1cnccn1,1351
CCOc1cccnn1,1348
C1CCN(CC1)CCO,1720
CCCCCC\C=C\CC,1045
CCC(=O)OCCOC(=O)CC,1630
C1=CC(=C(C(=C1)Cl)C#N)Cl,2084
CCCCCCC/C=C\CCCO,1996
CC1(C=CC(=O)O1)CC2=CC=CO2,2311
CCCCC(CC)I,1270
CCCC(=O)C1CCCCC1,1984
Cc1cc(C)c2ccccc2n1,2086
CCCc1ccccc1,1212
CC(C)[N+](=O)[O-],1119
CC/C=C\C=C/C=C,1107
CCO[Si](C)(C)C(C)(C)C,834
CCC1=NC=C(N=C1C)C,1455
CC1(CCCC2(C1CCC34C2CCC(C3)(C=C4)C)C)C,2221
CCCCC(CC)CCC,952
CCCc1ccc(C)cc1,1296
OCCNCCO,2180
CSC(C)=O,1052
CC(CCCC(=O)OC)OC(=O)C,1763
CC1=CC=CC2(C1CC3=C(C2)OC=C3C)C,2162
COC1=CC=C(C=C1)CC=C,1670
CCc1cccc2ccccc12,1943
CCCCC(CC)CC,866
CCCCCCC[C@H]1CCC(=O)O1,2259
Cc1ccc(c(C)c1)c2ccccc2,2082
CC(=O)O/C=C/C1=CC=CC=C1,1692
CCCCC/C=C\CCC=O,1544
CCCCCCCCCCCCCCO[Si](C)(C)C(C)(C)C,1969
COC1=C(C=CC(=C1)Cl)Cl,1866
CCOCCOCCO,1617
COC(=O)/C=C/SC,1669
C1CSC=C1,1104
CCCCCC(C)(C)C,800
CCCCCCCCCCS,1571
CC(=O)CS,1357
CCCCCC(C)=O,1182
C1CCC2=C(C1)C=CC=N2,1832
C1CCCCCCC1,1023
COc1nc(NC(C)C)nc(NC(C)C)n1,2539
O=CC1CCC=CC1,1490
CN1C=CC=C1C=O,1626
CCc1nc(C)cnc1C,1443
C1=CC=C(C=C1)CCC(=O)OCCC2=CC=CC=C2,2786
CC1CCC2CCCC12,1031
CCC\C=C\CC,748
CCCCC(=C)CC,847
Cc1cc(C)cc(C)c1,1251
CC1=C(O)C(=O)C(O)CO1,2267
CC(=C)C1CCC(=C)C(C1)OC(=O)C,1763
CCCC/C=C/CCC=O,1435
CCC(O)CCC(C)C,1398
COc1cc(OC)c(C=O)cc1OC,2233
CC1CC(=O)OC1=O,1855
CCC(C)C1=NC=CN=C1,1479
C/C=C/CCCCCCCCCOC(=O)C,1948
CCCCCCCC(=O)OCC=C,1563
CC/C=C/C=C/CO,1682
CC1=C[C@@H]2[C@H](CC[C@]([C@@H]2CC1)(C)O)C(C)C,2187
CC(C)CCC(=O)CCC(C)C,1529
C1CCC(CC1)OC(=O)C2CO2,1875
CCCCCCCOC(=O)C(C)(C)C,1428
CC(=O)c1cscc1,1771
CCCC(=O)CC(=O)OC,1561
CC(=CCC=C(C)C=C)C,1250
CCCCCCC1CCC=C1,1237
CCCCC/C=C/C/C=C/C/C=C/CCCC(=O)OC,2525
CCCC[C@H]1C[C@H]1C,834
CCCC\C=C/CCCCCCCCO,2215
CCCCOC(=O)C1=CC=CC=C1NC,2266
CCCCCCSC,1232
CC(C)C(=O)OC/C=C/C1=CC=CC=C1,2140
CCC(=O)C(C)C(=O)C(C)CC=C(C)C,1882
CCCCC(=O)CC,1161
CCCCCCCCCC(=O)OCCC(C)C,1863
CCCC(OC)OC,969
C(CCCBr)CCCBr,1863
CCCCCCOC(=O)C(Cl)(Cl)Cl,1738
CC(C)CC(C)CC(C)C,888
CC1=CCC(C=C1)C(=C)C,1408
CCCCCCCCCCCCCCCCCC(=O)OC,2418
CC(C)C1CCC2(C3C1C2C(=C)CC3)C,1589
CCCCCCCCCC1=CC=C(C=C1)O,2900
C1CN(CCN1)CCO,1967
CC(CO)OC(C)CO,1892
CCC1=CNC2=CC=CC=C21,2525
CCCCCCCC(=O)CCc1ccc(O)c(OC)c1,3506
CCC1=NCCS1,1366
CCC1=NC2=CC=CC=C2C=C1,1982
CCCCCCCCCCC#CC,1562
Oc1ccc(O)cc1,2693
Cc1c[nH]c2ccccc12,2492
CCC=C,426
CC1=CC2=C(C=CC(=C2CC1)C)C(C)C,2060
CCCCCCCOC(=O)C(Cl)Cl,1856
CCCCCSCC,1193
CC(C)SSC(C)C,1256
CC1=CC=C(C=C1)N,1829
C[C@H]1CC[C@@]2\3CC1C(C2CC/C3=C/C(=O)C)(C)C,2213
CCCC1=CC(=CC=C1)CCC,1430
Nc1cccc(Cl)c1,2110
CC(C)C12CC1C(=C)C=C2,1124
C1=CC(=CC=C1C=O)O,2958
CC(=CCC/C(=C/CC/C(=C\CO)/C)/C)C,2323
C/C/1=C\CC(/C=C/CC(CCC1)(C)O)(C)C,2124
CCc1ncc(C)nc1CC,1487
CCCC1=CN=C(C(=N1)C)C,1500
C/C=C\C#CC#C/C=C/COC(=O)CC(C)C,2596
CCCCC(CC)CO,1491
CCCCCCCCC(C)Br,1493
CC(C)(O)C12CC3CC(CC(C3)C1)C2,2071
COc1cccc(C)c1,1433
CCC/C=C\C,680
CC1CCCC2(C1C=C(CC2)C(=C)C)C,1692
CCC(=O)C(=O)OC,1374
CCCCCCCCCCO,1760
CC(=O)OC\C=C\c1ccccc1,2150
CCCCC(CC)COC(=O)/C=C/C1=CC=C(C=C1)OC,3122
CC(CCO)O,1576
CCC(=O)C(C)=C,1069
CCC1=C(C=C(C(=C1)C)C)CC,1513
CC1=C(N=C(C(=N1)C)CC(C)C)C,1568
C=CCOC=C,1344
CC1CCC2C13CC(C2(C)C)C(=C)C(C3)O,2129
C/C/1=C/CCC(=C)/C=C\[C@H](CC1)C(C)C,1665
CC12CC3CC(CC(C3)C1)C2,1320
CCCC(C)C(C)(C)C,820
CNC1=CC=CC=C1,1732
CCCC[C@H]1C[C@H](C(=O)O1)C,1981
CC(C)CC(=O)OC1CCCCC1,1527
CCCC(CCOC(=O)CCC)S,1841
CC(=CC(CC(=C)C=C)O)C,1631
C[C@H]1CC[C@H](C=C1)C(C)C,1078
CCCCCCCCCCCCC(=O)CC,1955
CCCCC#CCCCC,1189
CC(C)Oc1cc(N2N=C(OC2=O)C(C)(C)C)c(Cl)cc1Cl,2948
COc1cc(CC(C)=O)ccc1O,2800
CCCC\C=C/CCCCCCOC(C)=O,1949
CC1=CC=C(O1)CCC(=O)C,1705
CC(=O)C=O,970
CCCCCCCCCCCCOC(=O)C(=C)C,2042
CC(CO)Oc1ccccc1,2131
CC(C)C1=CC2=C(C=C1)C3(CCC[C@@](C3CC2)(C)C=O)C,2979
OC12CC3CC(CC(C3)C1)C2,1775
CCC/C=C/CCC(=O)OCC,1483
CCC/C=C/CCC(C)=O,1436
COC(=O)c1oc(C)cc1,1654
CCCCCCc1sccc1,1545
CC1=CCC(CC1)C(C)(C)OC=O,1686
CC(C)CCC[C@@H](C)CCC[C@@H](C)CCC/C(C)=C/CO,2622
CC(=C)[C@@H]1CC[C@H]1C(=C)C,1238
C1CCC2CC2CC1,1040
CC1(CCCC2(C3C1C2C(CC3)(C)O)C)C,1985
CC(=O)CC(C)(C)S,1383
CC(C)CC(C)=C,734
CC=CC1=CC2=C(C=C1)OCO2,2029
CC/C=C/CCCCCCCCCC=O,1953
CC1=CCC2C3C1[C@]2(CC[C@H]3C(C)C)C,1491
CCC(=O)C1=CC(=C(C=C1)O)OC,2693
CC(C)CC(O)Cc1ccccc1,1983
CC(=O)OCCCC=C,1207
C[C@@H]1[C@H]2[C@@H]3[C@@H]([C@@]1(CCCC3(C)C)C)CC2=O,2037
CCOC(=O)CCCCCCC\C=C\C\C=C\C\C=C\CC,2591
C1=CC=NC(=C1)NC2=CC=CC=N2,2739
C[C@H](CCC(=O)OC)[C@H]1CC[C@@H]2[C@@]1(CC[C@H]3[C@H]2[C@H](C[C@H]4[C@@]3(CC[C@@H](C4)O[Si](C)(C)C)C)O[Si](C)(C)C)C,3687
CCCSSSCC=C,1760
CCCCCC(C)N,1119
COC1=CC(=C(C=C1OC)Cl)Cl,2213
CC1CCCCC1O[P](C)(F)=O,1787
CC1(C2CCC1(C(C2)O)C)C,1698
C=CCOC(=O)C(Cl)Cl,1504
CCC(=O)OC/C=C(C)/CCC=C(C)C,1817
CC(=C1C[C@H]([C@](CC1=O)(C)C=C)C(=C)C)C,2008
CCCCCCCCSCCCCCCCC,2048
COC(=O)CCCCCCC(=O)OC,2010
C1CCC(CC1)CCO,1668
CCCCCOC(=O)CCCC,1401
CCC/C=C/C=C/C,919
COC(=O)[C@H]1C[C@@H]2C[C@@H]1C=C2,1527
C=CCN(CC=C)N=O,1547
CCC1CCC=CC1,999
CCCCC(CC(=O)OCCl)Cl,1885
CCCOC(=O)CC(=O)OCCC,1700
c1ccc2cc3ccccc3cc2c1,2740
C1=CC=C(C=C1)C=O,1520
CCCCCCCCCCCCCCCCCCO[Si](C)(C)C,2144
CCCCCCCC1=CC=CS1,1660
CCC(C)CCC(C)(C)O,1300
CCOC(CCC(=O)C)OCC,1563
CC(C)CCCC(C)CCO,1666
C1=CC(=C(C(=C1Cl)C=O)O)Cl,2160
CCC1=CC=C(C=C1)CC,1305
CC(C)[C@@H]1CC[C@@]2(C1[C@@H]3[C@H]2CC[C@]3(C)O)C,2048
CCCCC/C=C/C(=O)C,1523
CC(C)NC(C)C,754
CC(C)C1CCCC=C1,1066
C=CCOC(=O)c1occc1,1748
CCC(=O)C=C(C)C,1320
CC(C)[C@]12C[C@H]1C(=C)[C@@H](C2)O,1720
C1=CC=C(C=C1)CS,1618
CCCCOC(=O)CCC(=O)OCCCC,2000
CCCCCCC(C)OC(=O)C(F)(F)F,1075
CC/C=C/CC(=O)O,1930
CCOC(=O)CC1=CC=CC=C1,1783
CC1CCCC1C,726
CC1=C2CC3=CC=CC=C3C2=CC=C1,2441
C1=CC=C(C=C1)CCCCC2=CC=CC=C2,2377
CC1COC=C1,1392
CCCCCCOC(=O)C=C,1374
CCCCCCCCc1occc1,1520
Cc1cc(C)c2nc(C)ccc2c1,2029
C1C2CC3CC1CC(C2)C3,1363
CCC(C)C1CCCC=C1,1187
CC(CC(=O)OC)C=C,1140
COC(=O)CCCCCC(C)C,1380
CCCCCCCCCC(C)C1=CC=CC=C1,1933
CCOC(=O)C1=C(C(=C(C(=C1F)F)F)F)F,1351
CCCCC(C)Br,1077
CCN(CC)C(=O)\C(Cl)=C(/C)O[P](=O)(OC)OC,2831
CC1=C(SC=C1)C(=O)O,2501
CC(C)CC(=O)OCCC1=CC=CC=C1,1963
CC1CC2C(C2(C)C)C=C1,1149
CC(C)CCBr,1002
CC(CSCC=C)SSCC=C,2213
CC(C)[C@@H]1CC[C@@H](C)[C@@]23CC=C(C)[C@@H]2[C@@H]13,1463
CC(C)C(=O)OCC=C,1090
O=C1CCCCCCC1=O,1742
C[C@H]1CCO[C@H](C1)C=C(C)C,1350
CSCCCCCN=C=S,2242
CC1=C(C(=CC=C1)C)C=O,1640
CCSCC1=CC=CO1,1526
CCCC(C)C(=O)OCC,1141
C=CCC1=CCCC1,1019
CSSSCC=C,1593
CCCCCCCCCN=C=S,1862
CCN1C=CC=C1C=O,1610
CCC(C(=O)OC)O,1363
s1ccc(c1)c2ccccc2,2116
CC(Cl)CCl,1051
CCCCCCC1=CC=CC(=C1)C,1603
Cc1cc(C)c(F)c(C)c1,2134
OC/C=C/c1ccccc1,2175
C1CC2CCC1CC2,1007
CCCCCCCCCCCCc1ccccc1,2162
CC1CCOC1,1270
CCC(CC)NC1=C(C=C(C(=C1[N+](=O)[O-])C)C)[N+](=O)[O-],2768
CC(C)=CCC\C(C)=C\C=C\C(C)=O,2027
ClCCCCl,1198
CC1=CC(C(CC1)C(C)C)OC(=O)C,1900
CC(C)C1=CC=C(C=C1)C=O,1788
CC1CCC2C13CC[C@](C(C3)C2(C)C)(C)O,2116
CC1CC(C)(C)C=CC1=O,1646
CC(=C1C=CCCC1(C)C=C)C,1493
CCCCCCCCCCCC(C)C1=CC=CC=C1,2154
CCCCC1=CC=CO1,1123
CC1=CN=C(C(=N1)C)C,1402
CCCCC/C=C/C=O,1429
CC1CCCC23C1(CC4C(C2)C4(C3)C)C,1636
CCCC1CCCC=C1,1085
CNC(C)CC1CCCC1,1327
Cc1ccc(cc1C)c2ccccc2,2302
CC1OCC(O1)c2ccccc2,1780
CCCC(C)CBr,1104
CC1(C=CC(=O)O1)C,1585
CCCC(=O)\C=C\C,1246
CCCC(=O)OCC,1035
OC1CCOC1=O,2142
C1CCOCC1,967
C[C@H](CC(C)(C)O)O,1637
[O-][N+](=O)c1cccc(Cl)c1,1847
CC1=C2C(=CC=C1)N=CC=N2,1992
Cc1cccc(c1)C(C)(C)C,1332
CCCC1CCC(=O)O1,1787
CCCCCCCC/C=C\CCC,1334
CC(=C)[C@@H]1[C@@H]2[C@@H](C2(C)C)CC[C@@]1(C)C=C,1486
CC1=C(C(CC(=O)C1)(C)C)/C=C/C(=O)C,2452
CCCCCCC\C=C/C,1078
CCCC(CC)C1=CC=CC=C1,1352
CC1CCC(C=C1)C,924
CC1=CC2=C(C=CN=C2C=C1)C,2146
CC(=O)OC1=C(C=CC(=C1)Cl)Cl,1986
CC1=CSC(=N1)C(C)C,1339
CCCC(=O)OCc1ccccc1,1860
CC(C)C1=CC2=C(CC1)C3(CCCC(C3CC2)(C)C=O)C,2850
CCCCCCCCCO,1660
C[C@@H]1CC[C@H](C2C13C2C(=C)CC3)C(C)C,1545
CC1=C(C)CC(C)(CC1)C=O,1525
CCCC#N,1095
CC(C)c1cnc(C)cn1,1409
C1=CC(=CC(=C1)O)O,2986
CCOC(C)OC(C)C(=O)OCC,1442
CC/C=C/CCCCC=O,1438
CCCCCCCCCC1=CC=CC=C1,1847
CCC(C)C(=O)/C=C/C,1287
C[C@@]1(CCC2C1C=CCCC2=C)O,2170
OC(=O)CCC1CCCC1,2169
CCC(C)CCC(=O)OC,1269
CC(CCC=C(C)C)CO,1654
CC1CCCC2=C(C=C(C=C12)C)C,1462
CCCCCC(O)C=C,1450
CCCCC[C@@H]1[C@@H](O1)/C=C/C=O,2000
C/C=C/CCC(=O)O,1907
Clc1ccc(Cl)c(Cl)c1,1656
CC(CCCC(=C)C)CC=O,1581
CC(=CC(C(C)(C)C=C)O)C,1510
CC1CCC(=CC1)C(C)(C)O,1611
CCC/C=C/C(=O)CC,1303
Oc1ccc2C[C@@H]3[C@@H]4CCCC[C@]4(CCN3CC=C)c2c1,3665
CCCCCC(OCC)OCC,1230
CCC1=C(C=CC=C1C)C,1359
C1=CC=C(C(=C1)O)O,2659
CC(C)C1=NC=CN(C1=O)C,2160
CNc1ccccc1CO,2476
C/C=C(/C)\C(=O)OCCC(C)CCC=C(C)C,2010
CCCC/C=C\CCO,1563
CCCN1C=CN=C1,1768
CCCCCSSCCCCC,1757
C1=CC=C(C=C1)/C=C/CO,2279
CC1=CCC[C@@]2(C13CCC2C(C3)(C)C)C,1747
C1=CC=C(C=C1)C2=COC=C2,1849
CC/C=C/C=O,1127
CC1CC(=O)C(=C1C)O,1839
CC1=CC=C(O1)C(C)(C)CCCC(=C)C,1956
CCCCCCCCC(=O)O[Si](C)(C)C(C)(C)C,1638
CCC(/C=C/Cl)(C#C)O,1445
CCCCCCCCCCCCCCCCCCOC(=O)C(=C)C,2645
CC(C)COC=C,800
CCOC(=O)CCCCCCC(=O)OCC,2090
CCCCCC(=O)CC,1253
OC(=O)\C=C\c1ccccc1,2735
CCCCOC(=O)CCCCCCCCC=C,1963
CCCCCCCCOC(=O)CCCCCCC,2009
C=CC1=CC(=CC=C1)N,2101
CCCCOC(=O)C1=CC=CC=C1C(=O)O,2552
CC(=C)[C@H]1CC[C@]1(C)CCO,1769
CCCCCCCCCC(=O)OCCCCCC,2011
COC1=CC=CC=C1CC(=O)OC,2024
CCCCCCCCCCCCCCCCC(C)C,1862
CCOC(=O)CCl,1337
C1CC=CCCC=C1,1164
CCCCOC(=O)C(C(C(F)(F)F)(F)F)(F)F,730
C1=COC=C1CO,1670
CCC(C)OC(=O)C12CC3CC(C1)CC(C3)C2,2015
CC1OC(C)OC(C)O1,1069
CCOC(=O)CC(CC(=O)OCC)(C(=O)OCC)O,2461
CO[P](=O)(OC)OC(Br)C(Cl)(Cl)Br,1930
CCC(C)Br,903
CCCCCCCCOC(=O)C(C)CC,1623
CCCCc1ccc(cc1)[N+]([O-])=O,2234
CC/C=C/CC(=O)C,1335
CCCCCCCCCC(OC)OC,1567
COC(=O)/C=C\SC,1780
CCOC(C1=CC=CO1)OCC,1453
CC1(CC2C1CCC(=C)C(CCC2=C)O)C,2324
CC1=C[C@H]2[C@@H](CC1)C(=CC[C@@H]2C(C)C)C,1726
CCC1=CSC(=N1)C,1356
CC(C)[C@@H]1CC[C@]2(C)C3CCC(=C)[C@@H]2C13,1586
CCC1=C(C(=O)CC1C)O,1812
Sc1occc1,1443
CC[C@H](C)C(C)CO,1388
CC/C=C\CC(C)O,1310
CC(C)CCN=CCC(C)C,1164
CCC(CCCCCCCCC(=O)OCCl)Cl,2506
CCc1sc(CC)nc1,1463
CCC/C=C\CCCCCCCOC(=O)C,1982
CCCCCCCC(=O)OCC1=CC=CC=C1,2260
CCC(C)(O)CCCC(C)C,1400
CC1(C2CCC(=C)C2CO1)C,1361
CCCCCSCCC,1274
C\C=C\C\C=C\C=C,1073
Cc1ccc(O)cc1,2080
CCCC(=O)OCC=C,1192
C/C=C/C=O,1035
CC(S)CS,1355
CCC/C(=C/C(=O)C)/C,1015
CCCCCCC(=O)OCCC,1425
CCOC(=O)/C=C/C1=CC=CC=C1,2130
CCCCCC(CC(=O)OC)OC(=O)C,1864
CCCc1ncc(C)nc1C,1493
CCCCCO[Si](C)(C)C,921
CCOC1=C(C=CC(=C1)C=O)O,2464
CCCCOC(=O)CC(C)C,1259
CC1CCCCN1,1022
C1CCCC/C=C/CCC1,1558
CC(C)C(C)(C)C1=CC=CC=C1,1364
CCCCCCCCO[Si](C)(C)C,1193
CC(=O)OCC1=CC=C(O1)C=O,2194
CCOC(=O)CCCSC,1652
CCCCNC(C)=O,1882
COCCOCCO,1589
CCCC(Br)CC,1069
CCCCCCCCC(CCCCCC)CO,2760
C[C@H]1CCC[C@@H]2C[C@@]3(C[C@]12C)C(=C)COC3=O,2549
CCCC1=C(C(=O)CC1)O,1891
CCCCCCCCCCCCCCCCCCCO,2649
CC1=CN(C2=CC=CC=C12)C(=O)C,2588
CCC(=O)OC(C)(C)C1CCC(=CC1)C,1747
CC(=C1CC[C@@]([C@@H](C1)C(=C)C)(C)C=C)C,1650
CCCC(CO)[N+](=O)[O-],2140
CCC(C)C(=O)CC,1079
CCC/C=C/C(O)=O,1980
CC1([C@H]2CCC(C2)([C@H]1O)C)C,1576
CC(=C)C(=O)OC=C,1540
CC1CCC(CC1O)C(=C)C,1713
CCC(C)C1=CN=C(C(=N1)C)C,1520
CCCCC\C=C/C=O,1413
C1CCCCCCCCCCCCC1,1434
C1=CC(=CN=C1)N,2134
CC(C)CCCCCCCCCCC(O)=O,2657
COc1cc(OC)c(\C=C/C)cc1OC,2459
CCCC(=O)OCCCSC,1769
CC\C=C/c1ccccc1,1391
CCC1=NC=C(C=C1)C,1386
CCC(C)(C(=O)OCC)O,1300
CCCCCCCCCCCCCCCCCO[Si](C)(C)C,2046
CCCCCCCCCCCCN,1720
CCCCCCC1C(=O)C=C(O1)C,1999
CCOP(=O)(OCC)OC1=CC=CC(=C1)[N+](=O)[O-],2820
CCCCCCCCC(CCC)C1=CC=CC=C1,1943
CCC(CC)I,1093
CCCCCCCC/C=C\CCCC,1425
CC(CO)C1CCC(=C)CC1,1889
C1CN2CCC1C(C2)O,1985
Cc1nccnc1N2CCCCC2,1969
CCCCC1=CC=C(C=C1)CCCC,1631
CC(C)CN,842
CC1=CC=C(O1)C=C,1141
CCCCCCCCCCC(O)CC,1879
CC(C)C=O,819
CC(CCOC(C)=O)CCC=C(C)C,1660
CC\C=C/C[C@@H]1[C@H](CCC1=O)CC(=O)OC,2338
CCCCCC/C=C\CCC,1146
CCC1=CC=CC=N1,1278
CCC(CC)(CC)CC,900
CCCCCCCCCCCCCCC=C,1639
CCCCCCCCC1=CCCCC1,1592
CC1=CC[C@H](CC1)[C@H](C)CO,1924
CC1=C(C(C(=O)C(C1=O)C(=O)C(C)C)(C)C)OC,2303
CCCCCC#CCCC,1190
Cc1ccc(CC=O)cc1,1772
CCCCCCCCCCCCOC(=O)C,1892
CN1C(=O)CCC1=O,1910
C[C@H](CCC(=O)OC)[C@H]1CC[C@@H]2[C@@]1([C@H](C[C@H]3[C@H]2[C@@H](C[C@H]4[C@@]3(CC[C@H](C4)O)C)O)O)C,3537
CCCCC(=O)OCCC(C)C,1350
CCC(C)c1sccn1,1383
CCC1CCCC=C1,993
CCCCCCC#CCCCCC,1477
CSCSSC,1650
CC(C)c1oc(C)c(C)n1,1261
C1CCC(CC1)O,1392
NC(=O)c1ccccn1,2358
CCNc1cccc(C)c1,1802
CC(C)/C=C/CCCCC(=O)O,2259
CC1=CCC2C1C(=O)C2(C)C,1445
CC(C)CCOC=O,1058
CC1=C(SC=C1)C(=O)C,1761
CC(C)CC1CCC=C1,991
CC(=O)CC(C)(C)O,1358
CC1SC(SS1)C,1606
C[C@]12CC[C@H]3[C@H]([C@@H]1CC=C2)CC[C@@H]4[C@@]3(CCC(=O)C4)C,2160
CC(C)CC/C=C/C(=O)C,1317
COC(=O)CCCCCCCCC=C,1726
C[C@H]1CCC[C@@]2(C)CC[C@@H]3CC12OC3(C)C,1709
o1cnc2ccccc12,1733
CCCCCCCCCC(=O)OC,1593
CC(C)COC(=O)CCCCC(=O)OCC(C)C,2126
CCCCCCCC=O,1289
C/C=C/C=C/C(=O)O,2150
CC(C)C12CCC(C)(O)C1C2,1466
COC(=O)NC1=CC(=C(C=C1)Cl)Cl,2947
CC(C)C1=CCCC1,932
CC1=C[C@@H]([C@H](CC1)C(C)C)O,1692
[O-][N+](=O)C1CCCCC1,1645
CC1C2=CC=CC=C2C3=CC=CC=C13,2466
CC1=CC(=O)CC1,1504
C1=COC(=C1)CC2=CC=CO2,1632
C1CCc2nccnc2C1,1730
CC(C)=CCCC1=CCC(CC1)C=O,1978
C1=CC=C(C=C1)CN,1307
CC1=CN=C(C=N1)C,1320
CC1CC2=C(C(=CC=C2)O)C(=O)O1,2432
CC1=C(C(=C(C(=C1OC)C(=O)CC(C)C)OC)C)OC,2424
CCCCCCCCC/C=C/C=O,1867
COC(=O)c1ccccc1C(=O)OC,2303
CC(C)(C)C1=CC(=CC=C1)C(C)(C)C,1427
CCCCCCCC/C=C\CCCCCCCCCl,2241
CCCCCCC/C=C/CC#CC#CC(C=C)O,3071
CCCCCCC/C=C/CCCCC,1424
CC(=O)c1[nH]ccc1,1973
CCOC(=O)CC\C=C\CC,1382
CCCCC/C=C/CC=O,1351
CCCCCCCCCCCCCl,1664
CC(C)CC(O)CC(C)C,1493
CCC(C)OC(=O)C(C)C,1057
COc1ccc(CC(C)=O)cc1,2170
COC(=O)C(Cl)=C,1226
CC(CO)[N+]([O-])=O,1990
CCCCCCCC\C=C/CCCCCCCCO,2116
CC1=CN=C(C=N1)C=C,1495
CNC(=O)Oc1ccccc1OC(C)C,1770
CCCCCCCCCCCCCO,2074
COC(=O)C1=CC=NC=C1,1782
CC1CCOCO1,1128
CCCCCC1CCCC1,1099
CCC(C)N=C=S,1287
CC(O)CS,1459
C(CCCCCCl)CCCCCl,1917
CC1=CCCC2(C1CC(CC2)C(=C)C)C,1767
CCC(CC)(C(=O)NC(=O)N)Br,1844
CCCCCCCCCCCCCC1=CC=CC=C1,2277
CCCc1sccn1,1380
CC1CC(C2C1CC3CCC2(OC3(C)C)C)OC(=O)C,2387
CC(=O)Oc1ccccc1Cl,1829
CCCCC(CCCC)Cl,1243
S=C=NCCc1ccccc1,2234
C1C2CC3(CC1CC(C2)(C3)Cl)Cl,2013
CC1CC(=O)C=C1C,1439
C\C1=C\CCC(=C)[C@H]2CC(C)(C)[C@@H]2CC1,1587
CC(C)CNC(C)=O,1711
CC(C)(C)c1cccc(c1O)C(C)(C)C,2327
CC(C)(O)CCc1ccccc1,1916
CCCCCCCCCCCCC=O,1823
CCCCCC1=CCCC1,1160
CCC(CO)c1ccccc1,1978
CC1CC(=O)CC(C)(C)C1=O,1778
O=C1CCCCC\C=C/CCCCCCCCO1,2475
CCCCC(=O)C(C)C,1179
CCCCCCCCCCCCC/C=C\CCCCCCCC,2320
Cc1cccc2CCCc12,1468
COC(=O)c1cc(O)ccc1O,2989
C1=CC=C(C=C1)CC2=CC=CC=N2,2168
CCCCCOC(=O)c1ccccc1O,2072
CC1CCC(=CC1)C(C)CO,1741
CC(=O)OC1CC2CC(C1=C)C2(C)C,1661
Cc1oc(C)c(C)c1,1038
C=CC1SCC=CS1,1857
CCCCCCCCCCCCCCCCCCCCCO,2995
C1=CC=C2C(=C1)C3=CC=CC4=C3C2=CC=C4,3096
CCCC/C=C/CCCCOC(C)=O,1763
CCCCC(=O)OC(C)(C)C,1135
COC1=C(C(=CC=C1)Cl)Cl,1954
CC(=CCC/C(=C/C=C/C(=O)C)/C)C,2073
CCCCC1=NC(=C(O1)C)CC,1441
CCCCCCCCC(CCC(=O)OCCl)Cl,2444
Cc1ccc(cc1Cl)[N+]([O-])=O,1965
C/C=C(\C)/C(=O)OC,1180
CCCCCCCCCCCCCCCCCCOC(=O)CCC,2595
CCCCCCCCCCC(C)C1=CC=CC=C1,2036
CC1=C[C@@H]([C@@H](CC1)C(C)C)O,1758
CCCCCCCCOC(C)=O,1475
CCOC(=O)CC(C)C,1068
CC1(CO1)C2=CC=CC=C2,1666
C/C=C/C(O)=O,1742
C1CCC(=CC1)I,1484
CCSSSCC,1520
OC(=O)c1c(Cl)c(Cl)c(C(O)=O)c(Cl)c1Cl,2820
CC1=CNC(=O)C=C1,2001
CCC(C)(C#C)O,1275
CCCCCOC(=O)CCC(=O)C,1860
CCC(=O)OCCC(C)CCC=C(C)C,1718
CC(=CCC/C(=C/C(=O)OC)/C)C,1677
C1CCCCCCCCC(CCCCCCC1)O,2236
CCCCCCCCCC(C)O,1717
Cc1oc2ccccc2c1,1576
Cc1ccc(C)c2ncccc12,2052
CC(C(=O)O[Si](C)(C)C)N[Si](C)(C)C,1206
C1C=CSSS1,1841
CC(C)CCOC(=O)/C=C/c1ccccc1,2361
CC1(C)OC(C)(CCC1O)C=C,1739
CC(=C)[C@H]1CCC(=C)[C@@H](C1)O,1811
CC1=CC2C(C2(C)C)CC1O,1816
CCCCC(=O)OCC1=CC=CC=C1,1918
CC(C)(C)C1=CC(C)(O)C=C(C1=O)C(C)(C)C,2116
C[C@@H]1CCC=C2[C@]1(C[C@H](CC2)C(=C)C)C,1743
CCC(=O)OCCC(C)C,1185
CCCCCCCCCCCCCC(C)O,2108
C1=CC=C(C=C1)COC=O,1674
CCCCC1=CN=C(C(=N1)C)C,1600
C1COC(Cc2ccccc2)O1,1925
CCCCCCCCCCCCCCCCCCC(=O)OCC,2556
CCCCCCCCCCCCCC=C,1544
CC(C)CC(=O)OCC=C,1190
CC1=CC=C(O1)C(=O)C,1606
CCC(=O)OCCCl,1409
CCCCCCCCCC(CCC)C1=CC=CC=C1,2046
CC(C)(C=O)[CH]=[C]=[CH2],1573
CCCC(=O)OCCCCC=C,1462
CCC1CC2CCC1C2,1015
s1ccnc1,1248
CCCCCCOC(=O)C(Cl)Cl,1751
CCC(C)C(=O)SC,1225
CC1CCCCCCCCCCCC(=O)O1,2056
CC(=O)CCC=C,1137
CCC/C=C/CCCCCCCOC(=O)C,1965
COC1=CC(=C(C=C1)OC)SC,2334
CC1=CC(=CC(=C1)O)C,2174
CC(=O)C1=NC=CS1,1643
CC(=O)Oc1cccc(C)c1,1756
C[C@]12CCC[C@@]([C@@H]1C[C@@H](CC2)C(C)(C)O)(C)O,2608
CC1CCC(CC1)C(C)(C)OC(=O)C,1561
CC(C)C\1CCC(=C\CCC(=C/C\C=C(C)/C=C1)/C)/C,2181
CCCC1=CCCCC1,1090
CC(=C1CC(C(CC1=O)(C)C=C)C(=C)C)C,2099
CC1=C2C=C(C=C(C2=CC=C1)C)C,2183
CC(C)CCO,1209
C[C@@H]1[C@@H](C[C@@]2(C1C2)C(C)C)O,1694
CCOC(=O)OCC,1102
CC1CCCC(=O)O1,1791
CCCCCCCC(=O)OCCCCCC,1796
CCCCCCC(C(=O)OCCl)Cl,1918
Cn1cncc1C,1834
CCCCCCCCCC(CC)C1=CC=CC=C1,1972
CCCCCCC(=O)OC,1284
CCC(=O)OC/C=C/C,1158
CC1=CC(=C(C=C1)C=C)C,1440
CCCC1=CC=CO1,1026
CC(C)C1CCC2(C1C3C2CCC3=O)C,2046
C[C@H]1CCC2=C(CC[C@@H](C[C@H]12)C(C)(C)O)C,2201
CC(CC=C)OC(=O)C,1103
Cc1ccc(O)c(C)c1,2083
CC1=C(OC(=N1)CC(C)C)C,1330
CC1(C)[C@@H]2CC[C@H](CO)[C@H]1C2,1869
CC1(C2CCCCC2(CCC1=O)C)C,2034
CC(C)CCCO,1366
CCCCCCC(O)CCC,1560
C=C1CC(=O)CC1=C,2384
CCCCCCC(C)S,1298
CCC(C(=O)OCC(C)C)Cl,1410
CC(C)CSSCC(C)C,1428
CC1CCC2=C(C=CC(=C2C1)C(C)C)C,1840
CC(C)CC(C(=O)O[Si](C)(C)C)N[Si](C)(C)C,1359
ClCC1CO1,1172
Cn1ccnc1C,1715
CCCCCCCCCCCCCCOC(=O)C=C,2201
CC1C=CC2(C1C2)C(C)C,1010
CCOC1=NC(=NS1)C(Cl)(Cl)Cl,2004
CCCCCCCCCCOC(=O)CCCCCCCCC,2577
CCSSCC(C)C,1363
CCC(C)C(C)C(C)CC,762
CCCCCOC(=O)C(C)(C)C,1228
CCCC1=CC=CC(=C1)C,1297
CCC1(C=CC(=O)C=C1C)C,1629
CCCC(S)CCOC(C)=O,1735
COCCOC,935
CCC(CC(=O)OC)Cl,1414
CC(C)COC(=O)CC1=CC=CC=C1,1864
CC1=C(C(=CC(=C1C)OC)O)C,2382
CCCCCCCCCCCCCC(=O)OCC(C)C,2160
CCC1=CCCCC1,1014
CCC(C)CC1=NC(=C(N=C1C)C)C,1661
CCCCCCCCCC(=O)O[Si](C)(C)C(C)(C)C,1777
CCCCCCc1ccccc1,1531
C1C=COC1=O,1745
CC(C)(C=C)/C=C/C(C)(C)O,1403
CC(=O)OCC1=CCC2CC1C2(C)C,1698
CCC(C)OC(=O)C(Cl)(Cl)Cl,1395
CCCCCOC(=O)\C=C\c1ccccc1,2421
CCCCCCCCCCCCCC(=O)OC,2005
CC1=CC(=C(C=C1)CO)C,2032
CC/C=C\C=O,1105
CC1=CC/C(=C(/C)\CCC=C(C)C)/CC1,1756
CC(C)C(=O)OC(C)(CCC=C(C)C)C=C,1622
CCC1=CC(=CC=C1)C(C)(C)C,1389
COC(=O)CCCC(=O)OC,1687
C(CCO)CCO,2031
CCC(C)OC(C)=O,987
CCCCCC/C=C/CO,1713
CC1=C(C(=O)CO1)O,2117
CCCC(C)CCO,1413
CCCc1cnc(C)cn1,1461
CC(C)C12CC1C(=O)C=C2,1643
CCCCCC#CCC,1109
CCCCC(=C)C=O,1160
CC1CC[C@@H]2[C@H]1[C@@H]3[C@@H](C3(C)C)CCC2=C,1650
CC(C)COC(=O)CCl,1392
CC(=C[C@H]1[C@H](C1(C)C)CO)C,1724
CC(=C1CCC(CC1)(C)OC(=O)C)C,1696
CCOC=C,667
CCCCCCCCCCC(=O)O,2400
CCCCCC(CC)Cl,1166
CC(C)C/1CCC(=C/CCC(=C)\C=C1)/C,1710
CCNc1nc(Cl)nc(NCC)n1,2820
C=CCCC=CC=C,1249
CC1=CC(=C(C=C1)C(=C)C)OC(=O)C(C)C,1922
CC1CCC(=O)O1,1616
CC(C)CC(=O)OC(C)(C)C,1073
CC1=COC2=C1C(=O)[C@@H]([C@@](C2)(C)C=C)C(=C)C,2259
C/C/1=C/CC(/C=C/C[C@@]2([C@H](O2)CC1)C)(C)C,2071
CC1=CC=C(O1)CO,1714
CC(C)C1=CC=CC(=C1)C2=CC=CC=C2,2224
CC(C)CCC1CCC=C1,1094
CCCCC1NCCS1,1719
CC(C)[C@@H]1CC[C@H](C=C1)CO,1849
CCCCC1=NC(=CN=C1C)C,1487
ClC/C=C/Cl,1112
CCCCCCCCCCCCCCCCCCCC1CCCCC1,2666
CC1=C(OC(=N1)C)C,1197
CCC1=NC(=CN=C1)C,1386
C(CNCCNCCN)N,2154
COC(=O)[C@]1(C)CCC[C@]2(C)[C@H]3CCC(=CC3=CC[C@@H]12)C(C)C,3016
CCC(C)C(=O)OCCC1=CC=CC=C1,1988
CC1=CCC2CC1C2(C)C,1028
CCCCCCCC1CCCC=C1,1497
C[C@H]1CC[C@@H](C(=O)C1)C(=C)C,1597
CC(C)N=C=S,1177
C/C/1=C\CC/C(=C\C=C\CC1)/C,1594
CC(C(C1=CC=CC=C1)O)O,2363
COC,481
CC(C)CCCCCO,1524
CC12CCC(CC1)C2(C)C,1140
CC/C=C/C=C/C=O,1464
CN[C@@H](C)[C@H](O)c1ccccc1,2082
CC(C)C1CCC2(C3C1C2C(=CC3)CO)C,2578
CC1C=C(CC(C1C)C=O)C,1515
CCOC(OCC)OCC,1274
CCCC1CCCC(=O)S1,2004
CCCO[Si](C)(C)C,730
CCCCCC/C=C\CCCCCCOC(=O)C,2108
CCCNCC1=CC=CC=C1,1624
CCCSS/C=C\C,1421
C[C@H]([C@@H](C)O)O,1556
CCCCCCCCCOC(=O)C(F)(F)F,1270
CCCCC/C=C\C/C=C\CCCCCCCC(=O)OC,2482
C[C@H](CCC(=O)OC)[C@H]1CC[C@@H]2[C@@]1(CC[C@H]3[C@H]2[C@@H](C[C@H]4[C@@]3(CC[C@@H](C4)O[Si](C)(C)C)C)O[Si](C)(C)C)C,3536
OCCc1ccccc1O,2839
COC(=O)\C=C\c1ccccc1,2056
CCCCCCCCCCCCCCCCCCC=C,2056
CCCC1CCC=CC1,1088
CCCCCCCCCCCCO,1966
C1CCC2SC2C1,1390
CCCCOC(=O)/C(=C\C)/C,1417
CCCCCCCCCC(=O)OCCCC,1812
C1OCOCO1,1167
CCC(O)=O,1535
COC(=O)CCCOC1=CC(=C(C=C1Cl)Cl)Cl,2720
CN(C)c1cccc(C)c1,1654
COC1=C(C(=C(C=C1)OC)OC)OC,2321
CC(C)CC1CC2CCC1C2,1650
CCCCCCCC(CC)C1=CC=CC=C1,1767
COC1=C(C=CC(=C1)O)/C=C/C=O,2681
CC(C)COC(=O)/C=C/C1=CC=CC=C1,2243
CC(C)C(=O)OCCOC1=CC=CC=C1,2103
CC(C)(CCCC(C)(C=C)O)O,1982
Oc1cccc2cccnc12,2153
CCCCCC(C=C)OC(=O)C,1380
CC1=CCC2C(C1)C2(C)C,1147
C1CS1,899
C(CO)N,1420
CCCCC#CCCC,1095
OC(=O)CCCCCCCCC=C,2358
CC(CCCCC(=O)OCCl)Cl,2000
COCc1occc1,1247
CC(=O)C1=NCCS1,1753
CC1=CN=CC(=N1)C=C,1490
CCCCCOC(=O)CCC1=CC=CC=C1,2185
CC(C)CO,1092
CC1=CC(=CC=C1)C=C,1386
CC(CCO)CC(C)(C)C,1480
C1=CC=C(C=C1)OCCO,2121
COC(=O)C(C1CCCCN1)C2=CC=CC=C2,2385
CCC1=CC2=C(CC=C2C)C(=CC1)C,2350
CC(=O)OCCC1CCCCC1,1591
CC(CCC=C(C)C)C12CCC(C1C2)(C)O,2068
CC1=CC(O)CCC1,1552
CC1(C2CC=C(C1C2)COC)C,1372
CCCCOC(=O)C(Cl)Cl,1559
CCCCCCC(=O)OCC=C,1463
COC(=O)C(CCl)Cl,1491
