NCCCNCCCCNCCCN,0.495283333
CC(=O)N[C@@H](CO)C(O)=O,0.45805
N[C@@H](CCC(=O)N[C@@H](CS)C(=O)NCC(O)=O)C(O)=O,0.5782
N[C@@H](CS(=O)=O)C(O)=O,0.45625
N[C@@H](CS)C(O)=O,0.474116667
C(CC(=O)C(=O)O)CC(=O)O,0.47015
OCC(OP(O)(O)=O)C(O)=O,0.455283333
CC1=NC=C(COP(O)(O)=O)C(C=O)=C1O,0.569916667
CC(C)[C@H](N)C(O)=O,0.593
NC1CCSC1=O,0.589416667
CC(=O)[C@H]1CC[C@@H]2[C@@]1(CC[C@H]3[C@H]2CC=C4[C@@]3(CC[C@@H](C4)O)C)C,13.80575
NC(CC1=CNC2=C1C=C(O)C=C2)C(O)=O,0.804316667
C[N+](C)(CCCC([O-])=O)C,0.55055
[H][C@@]1(O)O[C@H](CO)[C@@H](O)[C@H](O)[C@@H]1NC(C)=O,0.533783333
CC12CCC3C(C1CCC2C(=O)COC4C(C(C(C(O4)CO)O)O)O)CCC5=CC(=O)CCC35C,10.7915
CCCCCC1=CC(=C(C(=C1)O)[C@@H]2C=C(CC[C@H]2C(=C)C)C)O,17.0623
OC(=O)CCC(O)=O,0.384416667
OCC(O)C1=CC(O)=C(O)C=C1,0.573716667
C1C(C(C(C(O1)(CO)O)O)O)O,0.452366667
C(CCC(=O)O)CCC(=O)O,0.390933333
CC(CN)C(O)=O,0.508016667
OC1O[C@H](COP(O)(O)=O)[C@@H](O)[C@H]1O,0.372383333
NC1=NC2=C(N=CN2[C@@H]2O[C@H](COP(O)(=O)OP(O)(=O)O[C@H]3O[C@H](CO)[C@@H](O)[C@H](O)[C@@H]3O)[C@@H](O)[C@H]2O)C(=O)N1,0.568633333
CCCCC\C=C/C\C=C/CCCCCCCC(O)=O,13.3989
NCCS(O)(=O)=O,0.4399
NCCC1=CNC2=CC=C(O)C=C12,0.938666667
NCC(O)C1=CC=CC=C1,1.1554
C[C@]12CC[C@H]3[C@H]([C@@H]1CC[C@@H]2C(=O)CO)CCC4=CC(=O)CC[C@]34C,12.1906
C[N+]1=CC(=CC=C1)C([O-])=O,0.4395
C[C@]12CCC(=O)C=C1CC[C@@H]3[C@@H]2[C@H](C[C@]4([C@H]3CC[C@@H]4C(=O)CO)C)O,11.16495
O[C@H]1O[C@@H]([C@@H](O)[C@H](O)[C@H]1O)C(O)=O,0.411966667
NCCCC(O)=O,0.509866667
OC(=O)CCCC(O)=O,0.824683333
N[C@@H](CCSC[C@H]1O[C@H]([C@H](O)[C@@H]1O)N1C=NC2=C(N)N=CN=C12)C(O)=O,0.577916667
CN1C=NC2=C1C(=O)N(C)C(=O)N2C,2.74785
C1=CC=C(C(=C1)N)S(=O)(=O)O,0.632433333
OC[C@H]1OC(OP(O)(O)=O)[C@H](O)[C@@H](O)[C@@H]1O,0.37385
CC(C)=CCC\C(C)=C\COP(O)(=O)OP(O)(O)=O,1.290416667
CC(C(=O)O)C(CC(=O)O)(C(=O)O)O,0.37385
C[C@@]12[C@]3([H])[C@](CC=C1C[C@H](CC2)O)([H])[C@@]4([H])[C@](CC3)([C@H]([C@@H](C4)O)O)C,8.59335
NC1=NC(=O)N(C=C1)[C@H]1C[C@H](O)[C@@H](COP(O)(O)=O)O1,0.56995
C[C@]12CC[C@H]3[C@H]([C@@H]1[C@H]([C@H]([C@@H]2O)O)O)CCC4=C3C=CC(=C4)O,6.44345
CC(=O)OCC(=O)C1CCC2C1(CCC3C2CCC4=CC(=O)CCC34C)C,13.55355
OC[C@H](O)C(O)[C@H](O)CO,0.446583333
[H]C12CC[C@](O)(C(=O)CO)[C@@]1(C)CCC1([H])[C@@]2([H])CCC2=CC(=O)CC[C@]12C,11.19478333
[H]C([H])(C=O)[C@@]([H])(O)[C@]([H])(O)[C@]([H])(O)CO,0.469416667
CC(=O)N[C@@H](CS)C(O)=O,0.766916667
O[C@H]1CN[C@H](C1)C(O)=O,0.445416667
CN(CC(O)=O)C(N)=N,0.456633333
C1C(C(C(=O)C=C1C(=O)O)O)O,0.412616667
NCCCCNCCCN,0.49345
CN(C)C(=NCCCC(C(=O)O)N)N,0.5629333335
N[C@@H](CC(N)=O)C(O)=O,0.42625
C[C@H]([C@H]1CC[C@@H]2[C@@]1(CC[C@H]3[C@H]2CCC4=CC(=O)CC[C@]34C)C)O,13.7935
OS(=O)(=O)OC1=CNC2=CC=CC=C12,1.279033333
O[C@@H]4CC[C@]3([C@H](CC[C@H]2[C@@H]1CC[C@@H]([C@@]1(C)CC[C@@H]23)[C@@H](O)C)C4)C,13.8952
O[C@@H]1O[C@H](COP(O)(O)=O)[C@@H](O)[C@H](O)[C@@H]1O,0.400166667
CC(=O)[C@]1(CC[C@@H]2[C@@]1(CC[C@H]3[C@H]2CCC4=CC(=O)CC[C@]34C)C)O,12.5222
NCCP(O)(O)=O,0.488366667
NCCCNCCCN,0.530683333
CCCCCCCCCC(=O)OCC(COP(=O)([O-])OCC[N+](C)(C)C)OC(=O)CCCCCCCCC,16.15653333
O=C1NC=CC(=O)N1,0.602133333
NC1=NC=NC2=C1N=CN2[C@@H]1O[C@@H]2COP(O)(=O)O[C@H]2[C@H]1O,0.580316667
CC(CCC(=O)NCC(=O)O)C1CCC2C1(CCC3C2C(CC4C3(CCC(C4)O)C)O)C,12.6318
N[C@@H](CCO)C(O)=O,0.444016667
C1C(C(OC1N2C=CC(=O)NC2=O)COP(=O)(O)O)O,0.4601
NCCCC[C@H](N)C(O)=O,0.537266667
CS(=N)(=O)CCC(N)C(O)=O,0.445416667
C[C@]12CC[C@H]3[C@H]([C@@H]1C[C@H](C2=O)O)CCC4=C3C=CC(=C4)O,10.0734
NC(=O)C1=CN=CC=C1,0.604466667
C([C@H]([C@@H](CO)O)O)C(=O)C(=O)O,0.385833333
OC(=O)C1=CC=CC=N1,0.509883333
C(C1C(C(C(C(O1)OCC2C(C(C(O2)(CO)O)O)O)O)O)O)O,0.414933333
C(C(C1C(C(C(=O)O1)O)O)O)O,0.446583333
O[C@H](CC(O)=O)C(O)=O,0.3671
CSCCC(O)C(O)=O,0.418216667
CC[C@H](NC(=O)CC[C@H](N)C(O)=O)C(=O)NCC(O)=O,0.57255
CN1C=NC2=C1C(=O)NC(=O)N2C,1.0423
NC1=NC(=O)N(C=C1)[C@@H]1O[C@H](COP(O)(=O)OP(O)(O)=O)[C@@H](O)[C@H]1O,0.372566667
CC(=O)NC(CCCCN)C(O)=O,0.525233333
C[C@@]12[C@@]3([C@]([C@]4([C@](C)(CC3)[C@H](O)[C@H](O)C4)[H])(CC=C1C[C@@H](O)CC2)[H])[H],10.682
O[C@@H]1CC(=C[C@@H](O)[C@H]1O)C(O)=O,0.466566667
CC(C)(CO)C(O)C(=O)NCCC(O)=O,1.059266667
OC(C(O)C(O)C(O)=O)C(O)C(O)=O,0.3768
OC(=O)CC(O)(CC(O)=O)C(O)=O,0.608183333
OC[C@@H](O)[C@H](O)[C@H](O)C(=O)CO,0.4277
CCCCCCCC\C=C/CCCCCCCCCCCCCC(O)=O,19.12801667
CN(C)C1=CC=C(C=C1)N,0.67415
CCCCCc1cc(c2c(c1)OC([C@H]3[C@H]2C=C(CC3)C)(C)C)O,17.0623
C[C@]12CC[C@H]3[C@H]([C@@H]1CC[C@@H]2O)CCC4=C3C=CC(=C4)O,11.8134
OC(=O)CC1=CC=CC=C1O,2.37305
CC(=CCNC1=NC=NC2=C1NC=N2)C,4.902183333
CC1=CN([C@H]2C[C@H](O)[C@@H](CO)O2)C(=O)NC1=O,0.846216667
C(C1C(C(C(C(O1)O)N)O)O)O,0.4929416665
CC(=O)NCCCCN,0.570133333
CC1=CN([C@H]2C[C@H](O)[C@@H](COP(O)(O)=O)O2)C(=O)NC1=O,0.60025
OC[C@@H](O)[C@@H](O)[C@H](O)[C@H](O)CO,0.446583333
C[C@H](O)[C@H](N)C(O)=O,0.45825
CCCCCCCCCC(O)=O,13.99165
OC(=O)C#C,0.626466667
CC1=NC=C(CO)C(C(O)=O)=C1O,0.7032
OC[C@H]1O[C@H](O)[C@H](O)[C@@H](O)[C@@H]1O,0.424683333
C[C@@H](O)[C@H](N)C(O)=O,0.443066667
NC1=NC2=C(N=CN2[C@H]2C[C@H](O)[C@@H](CO)O2)C(=O)N1,0.658566667
OC[C@H](O)C(O)[C@@H](O)CO,0.442733333
CC1=C(O)C(CN)=C(CO)C=N1,0.528416667
NCCS(O)=O,0.443066667
COC1=C(O)C=CC(CCN)=C1,0.938666667
NC1=NC=NC2=C1N=CN2[C@H]1C[C@H](O)[C@@H](COP(O)(O)=O)O1,0.57985
C1(C(C(OC(C1O)O)C(=O)O)O)O,0.403916667
C[C@@]12CCC[C@H]1[C@@H]3CC[C@H]4C[C@@H](CC[C@@]4([C@H]3CC2)C)O,17.7994
CC(=O)OC[C@H](N)C(O)=O,0.466916667
OC(=O)C1=NC2=CC=CC=C2C=C1,1.954483333
OC(=O)CC1=CN=CN1,0.5077
NC1=NC(=O)C2=C(N1)N=CN2,0.593
OC[C@H](O)[C@@H](O)[C@@H](O)[C@H](O)CO,0.500966667
CC(=O)N[C@H]1[C@H](O)O[C@H](CO)[C@H](O)[C@@H]1O,0.468466667
OC[C@H]1OC(O)[C@@H](O)[C@@H](O)[C@@H]1O,0.442733333
O[C@@H]([C@H](O)C(O)=O)C(O)=O,0.3785
OC(=O)CC1=CC=C(O)C(O)=C1,1.545916667
O[C@H]1[C@H](O)[C@@H](O)[C@H](O)[C@H](O)[C@@H]1O,0.444033333
C[C@]12CC[C@H]3[C@@H](CCc4[13cH][13c](O)[13cH]cc34)[C@@H]1C[C@@H](O)[C@@H]2O,8.27927
OC(=O)[C@@H]1CCCCN1,0.63955
N[C@@H](COP(O)(O)=O)C(O)=O,0.4451
COC(CCCN)=O,0.611716667
COC1=CC2=C(NC=C2CCNC(C)=O)C=C1,6.718066667
N[C@@H](CCC(N)=O)C(O)=O,0.443066667
OC[C@H]1O[C@@](CO)(O[C@H]2O[C@H](CO)[C@@H](O)[C@H](O)[C@H]2O)[C@@H](O)[C@@H]1O,0.446583333
NCCC1=CNC2=CC=CC=C12,3.120083333
O[C@H]1[C@@H](O)[C@@H](OP(O)(=O)OP(O)(O)=O)O[C@@H]1COP(O)(O)=O,0.356633333
C(C(C(C(C(C(=O)O)N)O)O)O)O,0.46245
CC(=O)OCC(=O)C1(CCC2C1(CC(C3C2CCC4=CC(=O)CCC34C)O)C)O,11.5411
O[C@@H]1[C@@H](COP(O)(O)=O)O[C@H]([C@@H]1O)N1C=NC2=C1N=CNC2=O,0.387283333
CCCCCCC(=O)O[C@H]1CC[C@@]2([C@H]3CC[C@]4([C@H]([C@@H]3CC=C2C1)CCC4=O)C)C,19.1356
O=C1NC2=C(N1)C(=O)NC(=O)N2,0.603183333
[H][C@@]1(CC[C@@]2([H])[C@]3([H])CCC4=CC(=O)CC[C@]4(C)[C@@]3([H])CC[C@]12C)[C@H](C)O,13.1061
[H][C@@]12CC[C@H]([C@H](C)CCC(O)=O)[C@@]1(C)CC[C@@]1([H])[C@@]2([H])CCC2C[C@H](O)CC[C@]12C,11.68128333
CCC(C)C(=O)C(O)=O,1.914966667
OCC(=O)[C@@H](O)[C@H](O)[C@H](O)COP(O)(O)=O,0.369633333
NC1=NC(=O)N(C=C1)[C@@H]1O[C@H](CO)[C@@H](O)[C@H]1O,0.575383333
CC12CCC3C(C1CCC2O)CCC4=C3C=CC(=C4)O,11.74173333
C(CCN=C(N)N)CN,0.535733333
C1=CC=C(C(=C1)N)O,0.683466667
CC(=O)NCC(O)=O,0.635333333
C[C@]12CC[C@@H](CC1=CC[C@@H]3[C@@H]2CC[C@]4([C@H]3CC=C4C5=CN=CC=C5)C)O,12.0492
NC1=NC2=NC=CN=C2C(=O)N1,0.6042
N[C@@H](CCCNC(N)=O)C(O)=O,0.4399
C[C@H]1O[C@H]([C@H](O)[C@@H]1O)N1C=NC2=C(N)N=CN=C12,0.899233333
C[C@]12CCC(=O)C=C1CC[C@@H]3[C@@H]2[C@H](C[C@]4([C@H]3CC[C@@H]4C(=O)COS(=O)(=O)O)C)O,10.0173
C[C@]12CC[C@H]3[C@H]([C@@H]1CC[C@@H]2O)CCC4=CC(=O)CC[C@]34C,11.9739
OC[C@H]1O[C@H]([C@H](O)[C@@H]1O)N1C=NC2=C1N=CNC2=O,0.61095
CC(=O)C1CCC2C1(CCC3C2CC=C4C3(CCC(C4)OS(=O)(=O)O)C)C,11.5996
C1=CC(=CC=C1C(C(=O)O)N)O,0.45805
C[C@]12CC[C@H](C[C@H]1CC[C@@H]3[C@@H]2[C@H](C[C@]4([C@H]3CC[C@@H]4C(=O)CO)C)O)O,11.0117
[H][C@@]1(OC(=O)C(O)=C1O)[C@@H](O)CO,0.388633333
CC(=O)NCCCNCCCCNCCCN,0.512566667
NC(CCCC(O)=O)C(O)=O,0.49615
OC(=O)C1=CC=C(O)C=C1,2.05465
N[C@@H](CCC(O)=O)C(O)=O,0.455133333
OC(=O)C1=CC=CN=C1C(O)=O,0.63525
C1=NC2=C(N1C3C(C(C(O3)COP(=O)(O)O)O)O)NC(=O)NC2=O,0.376283333
OC(=O)CCCCC(O)=O,0.381466667
N[C@@H](CCCN=C(N)N)C(O)=O,0.543783333
NC1=CC=NC(=O)N1,0.509866667
C[N+](C)(C)CCCC[C@H](N)C([O-])=O,0.49635
CC(CCC(=O)O)C1CCC2C1(CCC3C2C(CC4C3(CCC(C4)O)C)O)C,8.964883333
CC(C)C[C@H](N)C(O)=O,0.8369
NC1=NC(=O)N(C=C1)[C@H]1C[C@H](O)[C@@H](COP(O)(=O)OP(O)(O)=O)O1,0.372383333
OC(=O)[C@@H]1CCCN1,0.468583333
NC1=NC=NC2=C1NC=N2,0.5782
NC1=NC(=O)N(C=C1)[C@H]1C[C@H](O)[C@@H](CO)O1,0.63315
CN1C=NC(N)=C2N=CN=C12,0.53945
NC(CCSSCCC(N)C(O)=O)C(O)=O,0.613983333
O[C@H]1[C@@H](O)[C@@H](O[C@@H]1COP(O)(=O)OP(O)(O)=O)N1C=CC(=O)NC1=O,0.370233333
CC(=O)N[C@@H](CC(O)=O)C(O)=O,0.635333333
OC(=O)CCC(=O)C(O)=O,0.443066667
CCCCCCCCCCCCCC(=O)OCC(CO)O,16.08756667
COC1=CC(=CC=C1O)C(O)CN,0.61525
NCCC1=CC=C(O)C(O)=C1,0.70255
NCCC[C@@H](N)C(O)=O,0.514266667
OC(=O)C1CCC(=O)N1,0.63525
CCOC(=O)CC1=CNC2=CC=CC=C21,11.75523333
C[C@@H]([C@H]1CC[C@@H]2[C@@]1(CC[C@H]3[C@H]2CC[C@H]4[C@@]3(CC[C@H](C4)O)C)C)O,13.9309
N[C@@H](CC(O)=O)C(O)=O,0.44045
OC(=O)C(=C)OP(O)(O)=O,0.468183333
CC(C)(N)C(O)=O,0.465366667
NC(=O)C1=CC=C[N+](=C1)[C@@H]1O[C@H](COP(O)([O-])=O)[C@@H](O)[C@H]1O,0.444016667
N[C@@H](CCSC[C@H](N)C(O)=O)C(O)=O,0.477816667
OC(=O)C\C(=C/C(O)=O)C(O)=O,0.369516667
C1=CC(=C(C=C1C(=O)O)N)O,0.613233333
NC1=NC=NC2=C1N=CN2[C@H]1C[C@H](O)[C@@H](CO)O1,0.639333333
NC(=N)NCC(O)=O,0.458083333
CC(=O)O[C@H]1CC[C@@]2([C@H]3CC[C@]4([C@H]([C@@H]3CC=C2C1)CC=C4C5=CN=CC=C5)C)C,15.8428
N[C@@H](CC(=O)C1=CC=CC=C1N)C(O)=O,1.165366667
NC(=N)N[C@@H](CC(O)=O)C(O)=O,0.45825
OC1C[C@@](O)(C[C@@H](O)[C@H]1O)C(O)=O,0.39945
NC1=NC2=C(N=CN2[C@@H]2O[C@H](COP(O)(O)=O)[C@@H](O)[C@H]2O)C(=O)N1,0.368416667
C[C@]1(O)CCOC(=O)C1,0.75405
NC(=O)C1=C(N)N(C=N1)[C@@H]1O[C@H](COP(O)(O)=O)[C@@H](O)[C@H]1O,0.390266667
CN[C@H](CC(O)=O)C(O)=O,0.44765
C[C@]12CC[C@H]3[C@H]([C@@H]1CCC2=O)CC=C4[C@@]3(CC[C@H](C4)O)C,12.8039
CC1=C(CCOP(O)([O-])=O)SC=[N+]1CC1=CN=C(C)N=C1N,0.408583333
CSCC[C@H](N)C(O)=O,0.58675
CC(=O)NCCCC(O)=O,0.734883333
NC1=CC=C(C=C1)C(O)=O,1.16675
C(COC(=O)CCC(=O)O)C(C(=O)O)N,0.653333333
C1=C(C(=O)NC(=O)N1)C(=O)O,0.408583333
CC(=CC(=O)O)C(=O)O,0.4409
CO[C@@H]1[C@@H](O)[C@@H](O)[C@H](O)[C@H](O)[C@H]1O,0.444033333
OC[C@H]1O[C@H](C[C@@H]1O)N1C=CC(=O)NC1=O,0.669866667
NCCOP(O)(O)=O,0.431216667
COC1=CC(CC(N)C(O)=O)=CC=C1O,0.775316667
CC=CC=CC(=O)O,5.80755
C[C@]12CC[C@H]3[C@H]([C@@H]1CCC2=O)CCC4=CC(=C(C=C34)OC)O,12.6543
CN(CC(O)=O)C(=N)NP(O)(O)=O,0.45825
N[C@@H](CC1=CC(I)=C(OC2=CC=C(O)C(I)=C2)C(I)=C1)C(O)=O,11.39351667
C[C@H](CCCC(C)(C)O)[C@H]1CCC2[C@@]1(CCCC2=C/C=C\3/C[C@H](CCC3=C)O)C,16.5422
[2H]C1[C@]2([C@@H](CC[C@@H]3[C@@H]2CC[C@]4([C@H]3CC[C@@H]4C(=O)C)C)C[C@](C1([2H])[2H])([2H])O)C,14.4884
NC(=O)NCCC(O)=O,0.464
N[C@@H](CC1=CNC=N1)C(O)=O,0.49345
C1=CN=C2C(=N1)C(=O)NC(=O)N2,0.60385
C1=CC=C2C(=C1)C(=CC=N2)C(=O)O,0.654933333
C[C@]12CCC(=O)C=C1CC[C@@H]3[C@@H]2[C@H](C[C@]4([C@H]3CC[C@@]4(C(=O)CO)O)C)O,9.94612
CN1C=NC=C1C[C@H](N)C(O)=O,0.477833333
CCCC[C@H](N)C(O)=O,0.8246
OC[C@H]1O[C@H]([C@H](O)[C@@H]1O)N1C=CC(=O)NC1=O,0.604466667
CN1C=NC2=C(N=CN2[C@@H]2O[C@H](CO)[C@@H](O)[C@H]2O)C1=N,0.900716667
NC(CC1=CNC2=CC=CC=C12)C(N)=O,1.843883333
CCCCCC\C=C/CCCCCCCC(O)=O,12.94266667
CC(=O)N[C@@H]1[C@@H](O)C[C@](O)(O[C@H]1[C@H](O)[C@H](O)CO)C(O)=O,0.397966667
OCCNCCO,0.500516667
CSC[C@H]1O[C@H]([C@H](O)[C@@H]1O)N1C=NC2=C1N=CN=C2N,1.948683333
[H][C@@]12CC[C@H]([C@H](C)CCC(O)=O)[C@@]1(C)[C@@H](O)C[C@@]1([H])[C@@]2([H])CC[C@]2([H])C[C@H](O)CC[C@]12C,10.86526667
NCCC[C@H](N)C(O)=O,0.47955
NC1=NC(=O)N(C=C1)C1O[C@H](CO)[C@H]2OP(O)(=O)O[C@@H]12,0.4043
CC(=O)OC(CC([O-])=O)C[N+](C)(C)C,0.607366667
CCC[C@@H](N)C(O)=O,0.643516667
CC\C=C/C[C@@H]1[C@@H](CC(=O)OC)CCC1=O,12.46436667
C[C@]12CCC(=O)C=C1CC[C@@H]3[C@@H]2[C@H](C[C@]4([C@H]3CC[C@@H]4C(CO)O)C)O,10.7255
N[C@@H](CO)C(O)=O,0.4399
C[C@]12CC[C@H](C[C@H]1CC[C@@H]3[C@@H]2[C@H](C[C@]4([C@H]3CCC4=O)C)O)O,11.4048
NC(COP(O)(O)=O)C(O)=O,0.4093
CC[C@H](C)[C@H](N)C(O)=O,0.713616667
C[N+](C)(C)CC([O-])=O,0.488366667
C1=CC(=O)NC(=C1)O,0.644566667
NCCCCCN,0.505383333
O[C@@H]([C@@H](O)[C@H](O)C(O)=O)[C@@H](O)C(O)=O,0.391716667
NCCC(=O)N[C@@H](CC1=CN=CN1)C(O)=O,0.499033333
N[C@@H](CCC[C@H](N)C(O)=O)C(O)=O,0.49615
OC(=O)\C=C\C1=CNC=N1,0.63465
CCCCCCCCCCCC(=O)O[C@H](CC([O-])=O)C[N+](C)(C)C,12.73736667
OC(C(CC(O)=O)C(O)=O)C(O)=O,0.369716667
C[C@]12CCC(=O)C=C1CC[C@@H]3[C@@H]2CC[C@]4([C@H]3CCC4=O)C,12.3805
[H][C@@]12CC[C@@]3([H])[C@]4([H])CC[C@H](C(C)=O)[C@@]4(C)CC[C@]3([H])[C@@]1(C)CC[C@@H](O)C2,14.4997
CC(=O)N[C@H]1C(O)O[C@H](CO)[C@@H](O)[C@@H]1O,0.455133333
OC(=O)C1=CN=CC=C1,0.579016667
CCCCC(CC)COC(=O)C1=CC=CC=C1C(=O)OCC(CC)CCCC,20.3147
OC[C@H]1O[C@H](OC[C@H]2OC(O)[C@H](O)[C@@H](O)[C@@H]2O)[C@H](O)[C@@H](O)[C@H]1O,0.407283333
OC(COP(O)(O)=O)C(O)=O,0.358783333
OC1CN[C@@H](C1)C(O)=O,0.480833333
CC(C)[C@@H](C)\C=C\[C@@H](C)[C@H]1CC[C@@]2([H])\C(CCC[C@]12C)=C\C=C1\C[C@@H](O)CCC1=C,22.2226
CC(=O)N[C@@H](CC(N)=O)C(O)=O,0.46835
CC(CCC(O)=O)C(O)=O,0.381266667
OC[C@H]1O[C@H](O[C@H]2[C@H](O)[C@H](O)[C@@H](O)O[C@@H]2CO)[C@H](O)[C@@H](O)[C@@H]1O,0.422866667
O[C@@H]1O[C@@H]2[C@@H](O)C(=O)O[C@@H]2[C@H]1O,0.472
CN1C=NC(C[C@H](N)C(O)=O)=C1,0.535516667
N[C@@H](CC1=CC(I)=C(O)C(I)=C1)C(O)=O,4.22195
OC[C@H]1O[C@H](OP(O)(O)=O)[C@H](O)[C@@H](O)[C@H]1O,0.390966667
N[C@H]1[C@H](O)O[C@H](COS(O)(=O)=O)[C@@H](O)[C@@H]1O,0.4451
C[N+](C)(C)C[C@H](CC([O-])=O)OC(=O)CCCC(O)=O,0.8802
C[C@]12CC[C@H]3[C@H]([C@@H]1CC[C@@H]2O)CCC4=CC(=O)CC[C@H]34,11.5281
COC1=CC(CC(O)=O)=CC=C1O,3.387866667
OC(=O)CP(O)(O)=O,0.395066667
C[C@]12CC[C@H]3[C@H]([C@@H]1CCC2=O)CCC4=C3C=CC(=C4OC)O,12.5087
NCCOP(O)(=O)OP(O)(=O)OC[C@H]1O[C@H]([C@H](O)[C@@H]1O)N1C=CC(N)=NC1=O,0.402266667
OC[C@H]1O[C@H]([C@H](O)[C@@H]1O)N1C=NC2=C1N=C(O)N=C2O,0.711383333
NC1=NC2=C(N=CN2[C@@H]2O[C@H](CO)[C@@H](O)[C@H]2O)C(=O)N1,0.626016667
OC[C@H]1O[C@@H](O[C@H]2[C@H](O)[C@@H](O)[C@@H](O)O[C@@H]2CO)[C@H](O)[C@@H](O)[C@H]1O,0.405566667
C1=C(C=C(C=C1N)O)C(=O)O,0.609316667
OC(=O)C1CC(=O)NC(=O)N1,0.458083333
CC1C2=CC(=C(C=C2CCN1)O)O,0.668916667
N[C@@H](CSSC[C@H](N)C(O)=O)C(O)=O,0.406883333
C[N+](C)(C)C[C@H](O)CC([O-])=O,0.50155
OC[C@H]1O[C@@H](O[C@H]2[C@H](O)[C@@H](O)[C@H](O)O[C@@H]2CO)[C@H](O)[C@@H](O)[C@@H]1O,0.4153
NCC(=O)CCC(O)=O,0.528416667
OCC(CO)OP(O)(O)=O,0.407183333
C[Se]CCC(N)C(O)=O,0.755633333
CC(C(O)=O)C(O)=O,0.696066667
N[C@H]1C(O)O[C@H](CO)[C@@H](O)[C@@H]1O,0.521966667
CC1=C(O)C(C=O)=C(CO)C=N1,0.586466667
C(C(C(=O)O)O)(C(=O)O)O.O,0.38275
COC(=O)CC1=CNC2=C1C=CC=C2,9.353166667
CC(=O)[C@H]1CC[C@@H]2[C@@]1(CC[C@H]3[C@H]2CC[C@@H]4[C@@]3(CC[C@H](C4)O)C)C,14.5155
O[C@H](C(O)=O)C1=CC=CC=C1,2.262816667
NC(CSCC(O)=O)C(O)=O,0.465366667
CN1C=NC=C1CCN,0.513166667
NC(N)=NCCCC(O)=O,0.570666667
N[C@@H](CC1=CC=CC=C1)C(O)=O,1.076916667
CCCC(O)=O,0.714783333
CN1CC(=O)NC1=N,0.49345
CNCCC1=CNC2=CC=CC=C12,3.727783333
CCCCCC1=CC(=C2C(=C1)OC(C3=C2C=C(C=C3)C)(C)C)O,16.6041
N1C=NC2=C1C=NC=N2,0.603183333
O=C1NC2=C(NC=N2)C(=O)N1,0.57565
OC[C@H]1O[C@H](O)[C@H](O)[C@@H](O)[C@H]1O,0.4194
CC1=C(N)NC(=O)N=C1,0.565616667
C[C@H](CCC(=O)NCCS(O)(=O)=O)C1CCC2C3CCC4C[C@H](O)CC[C@]4(C)C3CC[C@]12C,12.05403333
N[C@H](CO)CC1=CN=CN1,0.496783333
CC(C)CC(=O)C(=O)O,0.456933333
OC(=O)\C=C/C(O)=O,0.396516667
NC(=O)NC1NC(=O)NC1=O,0.488366667
CCCCCCCC\C=C/CCCCCCCCCCCC(O)=O,16.86761667
OC[C@@H](O)[C@@H](O)[C@H](O)[C@@H](O)C(O)=O,0.390716667
CCCCCC1=CC(=C2C3CC(=CCC3C(OC2=C1)(C)C)C)O,17.0623
OC(=O)C1=CC(=O)NC(=O)N1,0.457983333
NC1=NC(=O)N(C=C1)[C@@H]1O[C@H](COP(O)(O)=O)[C@@H](O)[C@H]1O,0.378
NC[C@H](O)CC[C@H](N)C(O)=O,0.495683333
NC1=NC=NC2=C1N=CN2C1OC(CO)C2OP(O)(=O)OC12,0.591133333
